X,Y
17.969,28.651
15.631,29.014
16.909,30.997
13.882,36.453
12.939,31.437
20.651,26.662
18.715,25.143
17.039,30.83
17.064,30.469
22.405,21.928
18.342,27.712
16.84,29.611
16.231,34.228
16.497,29.533
22.385,23.154
18.694,30.097
13.214,36.856
11.049,39.364
13.962,37.452
16.351,33.365
14.586,30.973
17.092,31.838
17.334,27.628
20.237,20.659
18.654,21.412
15.74,29.532
15.35,34.08
16.941,31.58
21.339,22.945
9.7805,41.752
14.92,36.437
16.283,29.441
16.855,29.922
18.628,30.915
22.573,18.105
16.719,30.204
20.007,31.898
19.257,26.173
18.831,27.503
20.641,20.866
17.296,28.652
14.648,32.95
15.283,32.502
20.812,28.202
18.054,26.867
15.674,34.466
10.874,39.762
20.666,28.014
22.017,26.175
13.284,35.776
16.722,27.351
16.751,34.3
15.098,35.116
20.597,28.178
18.12,32.386
15.837,32.686
18.322,27.705
14.072,32.906
16.971,26.259
14.837,34.577
19.845,24.37
17.4,28.928
17.828,33.032
17.565,31.983
19.017,27.645
20.3,25.177
16.442,36.948
14.745,31.499
23.078,20.598
17.344,30.199
18.377,25.188
13,36.689
16.559,27.708
20.033,22.851
16.181,34.55
13.886,35.477
16.41,30.358
14.092,35.548
21.014,24.478
10.856,37.097
17.32,27.919
17.271,32.165
12.866,33.128
11.281,39.398
19.622,26.855
10.95,40.15
19.625,28.572
17.52,29.371
23.952,20.375
13.94,34.112
14.552,34.414
15.368,33.731
17.711,25.348
23.358,18.622
15.685,36.666
14.979,33.729
12.416,34.959
13.481,36.35
23.999,19.535
14.962,34.627
19.832,28.749
14.122,33.236
18.575,25.455
24.853,19.057
16.368,30.457
14.548,31.222
18.907,27.763
11.487,42.637
20.542,25.867
19.421,28.928
15.442,33.14
16.306,30.717
19.897,23.932
19.618,22.118
10.229,42.388
21.207,22.099
20.449,22.935
23.693,18.438
12.481,33.454
14.978,33.57
13.915,35.002
15.281,34.197
16.754,33.002
15.609,33.339
15.711,33.795
20.038,29.087
14.576,40.595
17.55,29.818
11.468,36.971
15.009,30.485
16.425,33.68
19.721,22.39
17.522,28.868
16.61,25.478
12.805,36.775
21.175,21.728
15.671,36.018
24.41,16.472
17.458,30.206
16.057,27.898
16.704,29.884
21.919,24.049
12.095,41.934
23.35,21.245
17.277,27.011
17.988,28.12
19.299,26.096
19.864,29.775
19.753,25.02
13.705,33.832
10.238,40.057
16.756,32.283
22.259,16.178
15.21,34.628
21.3,19.39
13.053,39.098
17.463,30.884
15.615,34.336
17.137,30.397
19.555,27.951
15.64,34.643
14.822,30.822
17.478,25.975
17.292,24.713
16.763,31
13.694,35.636
16.118,32.376
17.477,33.622
18.473,30.547
9.8395,37.177
19.188,29.501
17.017,30.109
25.525,19.092
17.48,26.595
17.245,32.013
14.475,36.259
21.48,24.135
20.566,23.421
14.75,29.939
16.214,25.08
17.323,26.118
19.106,25.598
18.473,28.495
17.033,31.574
15.519,29.472
19.013,26.505
15.3,32.496
21.725,24.086
17.319,29.544
12.845,35.113
16.479,31.999
14.985,38.285
25.007,17.924
19.807,25.666
14.687,28.754
20.206,25.065
17.731,31.815
19.341,33.341
16.053,35.79
15.739,34.004
16.103,31.888
17.955,27.984
13.93,35.039
23.684,18.701
16.821,25.313
18.664,25.018
15.77,34.819
17.08,29.113
16.963,34.56
11.522,41.569
17.21,27.295
19.386,27.285
7.7042,42.213
17.013,28.867
17.248,26.653
16.481,34.103
11.191,39.484
19.211,31.491
19.43,27.582
17.456,29.677
17.112,31.113
18.825,24.943
14.106,33.113
16.013,32.882
17.818,26.617
11.971,40.21
13.077,39.003
10.442,38.284
15.612,32.26
17.662,28.671
18.084,28.278
18.477,30.595
17.12,33.491
18.446,31.234
17.414,29.276
19.28,27.513
11.153,39.738
10.357,39.421
14.079,33.967
15.153,37.114
14.702,37.739
17.406,31.97
14.608,34.291
14.292,37.212
17.612,28.294
19.65,26.811
16.54,33.656
22.678,21.559
16.752,27.578
11.353,39.777
12.994,36.132
14.257,35.203
20.099,24.696
24.828,18.615
19.028,25.681
16.306,29.207
17.795,30.921
14.997,30.824
14.073,34.124
24.947,15.16
15.101,32.196
11.839,34.558
19.95,26.725
17.631,29.769
14.505,33.89
15.235,32.817
15.899,29.325
19.985,21.825
20.546,23.034
14.933,32.992
18.805,24.035
18.458,25.167
14.994,29.392
16.966,30.54
16.73,28.991
17.781,29.838
15.234,31.046
19.302,29.836
15.169,35.031
21.024,20.722
17.748,28.851
20.644,26.952
17.953,25.14
15.885,35.113
19.455,26.014
23.578,15.888
12.314,35.777
13.398,43.542
10.254,40.57
22.361,18.416
13.397,31.423
18.618,25.112
20.122,23.869
14.926,37.029
19.666,28.603
21.536,24.445
15.313,36.104
18.685,28.427
13.534,38.494
14.412,32.212
14.99,30.089
18.509,26.018
16.354,30.644
25.489,20.925
19.037,25.683
19.358,32.387
14.84,33.398
18.954,27.95
19.373,26.321
19.482,24.199
16.642,33.54
10.881,43.666
13.378,36.334
13.447,35.235
18.944,27.629
13.926,31.573
18.918,25.281
16.005,31.083
19.016,29.295
15.755,33.071
16.189,28.16
18.994,27.357
15.446,29.46
16.419,35.281
20.864,24.957
12.569,36.722
10.025,39.094
18.208,31.88
23.985,10.595
18.099,32.531
16.558,28.513
17.096,30.963
24.356,22.684
16.052,29.733
18.62,27.333
17.575,31.67
15.031,30.73
15.691,29.947
19.644,23.398
13.946,30.73
16.714,32.713
14.197,33.366
16.361,34.051
13.896,35.548
17.508,30.217
11.226,37.831
19.759,25.176
11.165,40.989
16.084,31.908
14.694,36.335
18.347,29.166
15.178,35.842
20.463,26.223
21.102,22.346
18.337,27.624
13.869,33.028
18.404,29.55
18.084,34.127
11.507,40.597
10.69,38.609
17.467,29.772
17.644,29.518
15.695,30.856
14.364,37.634
15.683,30.235
18.5,30.623
17.164,29.731
13.597,33.047
19.175,31.238
14.887,32.75
14.142,34.953
15.364,33.465
21.282,27.735
10.584,38.125
18.933,23.424
14.544,31.422
15.736,31.309
17.173,27.302
19.336,27.306
14.695,35.75
20.263,29.637
18.753,30.858
16.855,32.236
20.218,26.301
16.069,30.088
20.858,26.042
19.691,26.704
18.339,29.666
15.707,31.11
16.557,27.367
15.555,36.589
15.123,32.823
17.366,31.982
15.442,30.467
14.276,33.949
13.273,34.86
13.942,36.236
12.126,42.141
16.494,30.972
16.893,29.847
13.977,33.911
22.146,21.461
26.2,14.75
14.992,31.861
20.166,23.116
17.241,32.363
21.289,25.086
8.8321,40.86
19.009,29.167
14.907,32.944
18.16,31.428
14.28,33.72
18.419,27.579
19.197,30.817
18.191,29.153
18.086,29.647
15.511,28.958
19.186,25.555
17.053,26.762
20.598,24.016
23.284,22.232
19.795,28.222
12.237,38.882
17.568,30.629
15.447,29.6
18.899,28.98
21.811,23.705
12.691,32.536
11.378,38.298
18.133,28.059
15.097,32.318
21.539,25.077
11.949,38.636
17.167,28.86
23.661,21.048
18.761,26.742
19.312,25.873
20.464,24.461
16.739,27.402
20.068,23.787
21.036,26.486
20.499,24.345
13.751,36.74
13.041,39.532
11.578,36.464
19.429,30.284
21.818,19.398
11.933,39.935
17.862,29.512
17.018,32.581
22.873,17.489
16.746,31.759
9.7507,40.697
22.412,21.887
21.414,23.075
16.976,29.887
14.943,33.326
14.421,35.684
11.386,38.21
13.652,34.606
19.117,23.295
13.224,39.028
24.233,18.947
13.662,37.219
19.73,22.18
17.204,34.116
16.702,35.324
17.383,32.369
13.639,33.131
12.198,42.037
17.101,34.632
15.626,36.543
14.317,35.473
13.908,36.023
16.625,28.904
11.83,32.184
13.396,30.302
17.151,30.92
12.006,35.318
17.746,30.196
21.765,22.96
17.957,31.609
20.363,26.604
17.892,33.161
17.806,22.145
15.64,32.341
20.64,23.816
13.986,36.47
20.334,19.835
15.673,24.795
21.8,23.038
17.588,33.17
16.041,29.375
19.82,22.765
20.844,20.002
17.909,27.991
13.946,34.993
20.29,24.538
21.095,21.746
16.112,29.202
18.533,28.086
22.199,25.903
16.402,30.908
19.572,28.554
17.834,28.632
16.415,29.114
16.994,36.545
20.252,27.348
19.72,21.517
11.64,42.582
24.223,20.225
21.136,26.359
18.064,21.858
19.758,26.885
13.269,36.947
11.124,37.632
13.637,36.748
16.743,31.228
17.277,25.505
24.244,17.917
17.042,36.367
21.285,29.897
23.433,20.699
14.875,33.962
20.289,27.584
15.877,34.845
14.457,34.643
11.566,37.109
19.695,27.903
24.294,14.164
21.112,24.999
15.712,32.698
13.073,38.989
20.658,26.293
19.508,25.894
20.107,21.681
25.24,20.061
22.749,24.677
17.382,30.944
15.242,34.745
21.279,20.052
17.043,28.633
12.072,37.944
15.42,31.171
16.312,27.958
18.513,26.311
18.435,28.423
20.401,23.404
19.579,28.29
15.866,33.129
22.688,17.846
21.59,27.094
12.549,35.83
15.42,32.272
20.55,27.963
16.873,31.633
20.132,22.495
19.457,25.984
16.449,27.135
17.993,26.556
23.005,22.944
22.074,19.381
13.23,32.415
18.363,28.557
22.539,26.139
20.398,27.804
21,28.355
17.393,30.567
18.94,28.372
15.428,37.457
19.284,22.692
12.035,35.035
16.272,31.424
16.805,32.443
20.845,27.894
19.986,28.815
14.101,38.584
16.624,30.214
13.422,36.009
16.733,28.486
18.11,25.384
19.474,23.801
14.616,34.028
19.821,27.844
17.64,28.469
19.465,20.501
17.475,33.204
17.793,24.128
20.901,23.673
15.888,33.555
19.142,28.693
20.483,26.302
20.609,25.587
19.375,28.307
19.347,28.518
16.65,37.07
18.255,25.402
21.331,21.356
15.943,31.656
15.111,30.607
11.774,54.587
15.738,53.975
12.973,52.545
10.035,58.996
10.618,52.557
10.689,55.383
8.6442,61.915
9.4052,61.685
12.38,55.787
17.275,52.701
10.511,59.992
11.147,57.116
7.3343,62.296
15.136,51.647
8.9656,65.559
12.889,58.71
5.9826,69.744
12.222,56.441
10.114,58.788
10.633,57.876
15.129,53.62
9.2077,59.611
9.1029,55.659
14.007,52.566
8.2028,68.778
14.126,52.067
10.459,61.229
7.4053,63.112
8.7899,60.268
6.2153,62.354
11.991,52.325
10.94,57.178
12.955,51.188
7.2125,61.894
17.621,50.107
13.796,53.715
11.555,50.859
5.088,71.61
11.025,60.38
12.917,56.861
14.122,54.365
18.724,44.472
10.621,58.532
16.922,49.853
15.437,51.932
7.7259,66.087
6.7489,63.34
12.45,59.75
6.0667,64.918
7.7325,63.082
4.2533,71.333
16.08,48.077
16.181,46.178
9.579,55.884
10.665,60.719
10.719,58.855
9.259,60.041
9.4776,58.706
11.979,56.75
7.8288,62.026
12.402,53.908
9.0155,60.437
13.094,51.567
8.5802,59.191
9.4611,60.521
12.075,55.361
12.639,53.347
11.626,49.136
12.678,52.766
13.782,53.697
12.188,58.485
9.0546,62.275
5.8165,64.469
8.581,56.112
6.8202,58.605
17.388,47.395
11.574,49.864
9.0104,56.45
17.232,50.594
11.456,56.228
7.8188,57.528
12.612,51.415
14.281,55.702
10.096,62.855
16.044,49.156
11.28,53.394
11.809,53.654
10.889,57.878
9.2855,59.233
12.447,52.103
15.473,50.143
8.1612,62.046
10.882,53.638
6.1751,64.76
4.6378,66.376
18.251,44.086
11.972,59.895
6.3372,65.403
11.803,59.211
10.578,58.228
13.354,56.302
9.0666,57.96
9.7666,68.092
8.9291,57.054
10.181,56.676
10.425,54.39
9.2853,62.049
16.014,51.151
14.15,52.924
11.594,55.661
17.945,44.592
12.324,54.277
11.269,57.153
9.2384,68.903
12.984,55.595
13.406,50.443
20.074,47.131
12.202,57.711
12.848,54.592
12.219,59.423
5.8898,68.684
17.132,43.981
6.1715,60.603
12.959,55.644
12.426,56.342
8.4849,61.612
14.27,54.081
11.756,63.737
4.1211,66.425
9.7611,59.893
8.7328,62.632
13.093,56.096
14.344,48.405
9.6326,61.024
9.6083,65.144
9.0821,63.393
10.121,56.739
10.353,60.873
7.5632,64.777
12.6,50.527
13.206,56.937
10.127,56.254
12.799,52.641
7.7358,58.817
6.2531,68.873
7.3772,66.532
9.6369,59.193
7.7045,62.772
10.649,60.044
7.3559,67.236
12.742,50.373
11.373,57.853
11.46,54.86
14.77,51.801
7.0251,61.746
12.927,58.279
11.072,57.736
13.183,49.699
10.227,60.016
8.8974,56.973
12.426,59.724
16.238,48.545
11.78,58.001
11.072,55.556
9.2637,66.169
9.4816,53.898
10.215,63.968
11.245,57.799
7.149,64.104
6.8579,59.095
13.453,53.039
8.5247,63.686
14.382,53.913
11.104,57.432
6.7134,64.491
6.241,65.198
9.1306,63.922
8.6166,59.1
12.595,58.445
5.666,69.432
8.3636,61.936
9.2323,59.177
8.2044,58.756
13.714,51.224
10.511,62.578
8.5329,60.148
10.647,60.482
8.8993,60.012
14.739,53.704
8.1602,64.535
7.5271,63.299
12.795,54.936
7.832,65.824
12.774,54.133
9.8809,58.262
15.086,54.922
12.384,55.703
1.1071,74.61
13.387,54.047
3.6473,68.566
15.677,49.395
8.4234,63.565
16.69,51.492
12.711,51.46
6.0071,67.608
13.119,59.044
16.697,51.416
7.1598,62.617
13.171,53.017
9.0318,59.571
12.294,56.053
12.926,59.437
11.774,57.02
9.9366,58.87
7.4209,64.166
6.4897,64.424
8.8954,63.538
15.348,51.302
13.499,51.135
13.519,49.141
5.5306,66.837
14.671,58.286
10.457,62.007
18.804,45.513
10.93,58.538
14.428,51.068
10.289,59.229
7.4885,62.373
18.394,49.905
10.365,58.037
6.7202,64.182
12.285,55.781
9.6475,60.215
14.627,50.38
13.864,53.747
12.349,53.036
11.339,53.785
9.8509,57.106
11.154,56.389
8.4149,53.227
8.7991,56.976
7.2148,64.003
11.487,54.152
12.76,59.507
9.0512,64.29
4.7788,71.388
9.8866,57.137
12.864,55.236
7.3217,64.838
4.1444,65.351
15.874,50.439
10.751,60.666
8.8199,63.93
14.57,57.958
13.702,54.487
10.024,63.211
16.092,47.589
11.085,63.239
11.639,58.44
8.1853,60.669
12.02,55.824
8.8135,55.662
14.606,47.967
14.298,51.339
8.1083,61.886
12.139,55.611
6.6155,60.2
15.327,52.865
11.144,56.094
16.977,44.379
8.1791,62.508
12.223,58.951
15.706,49.914
10.44,58.41
9.7638,58.498
10.851,58.239
9.5383,62.176
8.2614,62.961
9.5567,61.357
10.207,54.089
6.7954,63.833
8.6664,62.597
8.1261,60.368
8.3721,64.804
12.343,54.915
10.269,62.207
13.527,53.697
7.3981,65.454
12.266,56.033
10.436,61.813
6.7247,61.728
8.5762,62.074
6.9233,69.009
10.655,59.769
7.7153,59.751
16.335,49.653
13.643,54.06
8.7282,62.14
10.582,58.011
12.083,52.669
6.0348,67.675
11.797,56.693
13.747,55.594
9.4704,60.073
5.8744,63.773
8.7149,62.06
10.533,57.078
12.164,56.998
12.744,53.389
4.6118,67.061
8.8622,62.313
5.3866,70.111
11.856,53.081
14.805,55.185
10.35,59.07
8.8348,58.282
9.7531,61.686
3.8673,64.989
13.598,51.181
6.2184,64.476
4.9,63.516
11.399,59.186
15.274,52.419
12.545,53.197
9.9866,58.55
15.618,53.579
16.105,50.16
8.8764,58.24
5.3422,65.418
4.7399,70.94
7.5293,64.073
7.828,57.615
8.5331,63.557
8.777,66.328
13.92,52.038
4.378,61.142
9.1815,57.133
9.4451,61.794
14.81,54.516
12.234,59.883
12.113,55.517
7.9239,60.653
14.382,56.124
15.271,48.174
8.9261,60.516
15.002,51.006
7.4227,64.59
12.735,49.19
10.228,56.647
11.038,57.129
5.9925,62.452
9.3275,61.278
5.3206,65.859
10.14,61.093
13.378,58.328
8.9117,57.412
12.67,62.512
9.6723,59.268
9.4806,59.634
16.901,48.373
7.5645,59.582
11.71,54.62
14.15,53.798
14.966,50.976
7.7719,62.816
4.1457,71.502
12.352,53.938
8.0378,59.485
12.429,50.602
18.91,44.165
12.504,57.474
8.2991,56.349
15.21,49.56
8.6708,57.031
12.368,57.044
12.196,60.429
13.793,50.942
14.511,48.135
10.224,55.618
5.5249,62.832
6.8291,60.234
8.1771,54.78
13.142,58.699
7.5655,61.49
7.1024,66.511
12.531,53.364
10.924,58.86
8.2964,60.758
3.0902,66.475
9.805,58.907
11.718,60.953
8.4035,57.783
9.5307,59.341
13.213,50.053
7.6481,65.762
7.5057,65.144
9.3234,62.722
13.575,52.842
14.366,53.986
13.301,55.098
14.038,55.106
11.857,57.996
16.376,47.488
11.45,56.147
10.266,59.317
8.2395,61.065
12.734,63.046
9.0383,60.58
10.024,56.96
11.365,60.408
9.3368,58.968
13.117,52.922
12.983,50.667
18.293,42.787
12.001,61.6
16.752,53.29
18.695,52.423
14.745,57.217
13.449,58.846
6.4987,65.469
9.8056,57.026
11.089,59.794
7.9903,64.059
15.443,48.559
11.775,54.507
12.552,56.117
14.469,53.89
9.9458,60.219
10.235,62.522
14.801,48.305
9.2844,59.711
16.728,53.017
10.402,57.267
11.123,57.216
8.4336,65.41
8.4249,60.326
9.2895,62.12
13.348,52.7
9.7506,62.527
8.8281,57.467
12.04,49.934
9.4584,58.778
10.759,57.351
15.694,48.346
10.025,54.911
17.204,48.093
15.068,50.887
10.432,60.891
12.126,57.476
8.5566,58.348
10.163,57.127
12.659,52.007
14.235,50.271
9.781,51.648
4.5561,65.443
9.8934,55.283
8.0554,60.95
10.442,60.667
15.668,45.461
10.891,61.833
14.363,52.533
12.458,51.532
13.607,52.923
7.1422,57.953
11.509,53.004
18.618,42.428
10.496,58.628
14.148,51.033
7.2005,65.115
19.131,42.811
9.5459,59.703
9.5226,61.293
8.1625,62.18
8.1988,63.906
10.872,53.645
12.299,55.668
11.114,58.383
12.221,50.593
8.5178,59.892
11.793,55.422
9.1773,62.169
14.958,54.48
16.578,51.542
12.661,53.901
19.6,42.213
9.1827,62.289
14.01,52.399
10.287,61.81
9.2122,61.059
11.78,58.823
14.745,52.92
8.1741,60.488
5.7367,67.353
12.485,54.126
10.374,57.38
10.729,53.469
14.652,49.189
10.735,57.045
10.829,57.636
15.467,54.139
10.936,58.342
12.592,60.423
9.3581,59.544
12.376,50.328
11.639,55.836
8.0644,55.677
10.984,58.215
11.127,59.536
15.049,47.962
9.7944,60.091
13.955,52.088
10.2,61.509
9.2311,62.623
11.602,54.734
10.486,65.208
13.585,55.082
15.163,48.512
7.8518,59.987
6.7638,64.157
9.0147,63.236
10.279,60.042
8.936,60.749
14.404,53.98
8.9112,57.023
8.5784,60.642
5.9018,63.251
3.4006,68.287
9.4038,62.635
6.6669,61.285
9.9221,57.574
21.083,43.775
12.183,52.886
9.2995,62.243
6.5672,62.157
10.501,59.45
17.485,43.822
9.4401,55.906
18.868,46.423
15.518,51.079
3.9259,73.793
13.714,61.609
12.561,57.616
16.027,48.653
6.8853,62.507
11.144,54.31
11.333,59.558
11.491,55.887
14.487,49.803
12.342,52.073
13.429,54.187
10.589,58.926
10.718,56.766
13.688,53.973
6.19,58.224
8.6337,63.297
10.607,60.721
10.491,59.563
8.4571,64.91
11.162,53.402
12.743,54.202
12.71,51.264
11.22,58.934
9.2493,61.913
10.332,57.984
10.917,54.863
12.985,54.163
11.622,61.928
6.0257,62.309
10.014,59.941
9.7039,56.164
12.868,54.291
11.165,52.351
13.874,52.54
13.292,53.146
8.5125,63.158
11.782,59.971
11.902,58.341
11.904,49.837
10.334,58.082
9.8538,58.521
18.019,46.304
14.826,52.604
6.1423,63.011
14.023,54.508
10.147,59.241
9.4725,64.328
7.758,64.497
12.438,56.332
14.133,53.889
6.1877,65.392
8.4963,59.397
10.695,55.522
11.284,57.701
16.049,52.167
10.572,56.404
12.639,57.432
11.936,61.567
7.3216,68.488
10.779,64.415
12.889,61.072
33.782,41.061
32.774,37.798
23.498,51.61
33.188,32.821
24.898,53.233
32.745,40.303
31.132,40.524
29.23,43.044
26.843,48.525
34.677,34.848
23.858,52.884
31.453,42.218
27.966,42.437
33.645,31.129
29.585,45.338
33.731,37.72
32.256,42.661
30.714,36.588
26.449,48.804
28.331,41.786
24.182,49.622
29.742,42.781
24.163,47.395
37.571,30.99
30.569,39.353
29.697,45.228
31.242,39.382
34.319,35.924
33.232,37.559
32.086,37.204
29.131,43.516
22.445,56.626
26.079,51.431
28.013,45.824
25.619,55.436
28.44,47.383
33.213,43.945
29.123,46.688
31.1,44.102
30.298,43.136
33.249,39.802
27.797,40.766
34.173,37.129
35.618,33.491
37.683,30.398
31.472,39.462
34.609,36.423
28.897,44.844
31.568,39.448
37.14,33.926
31.552,42.535
30.037,43.433
31.856,44.29
27.547,44.603
33.044,38.728
32.186,42.142
32.624,35.963
30,40.14
28.044,42.116
31.565,42.631
32.739,39.41
27.513,46.623
30.131,47.607
27.916,45.689
31.8,35.175
30.148,39.06
33.424,35.02
27.225,48.72
30.335,47.204
28.336,42.191
26.981,53.867
31.675,39.488
30.265,40.445
28.416,45.922
30.209,48.117
31.761,41.09
23.767,49.076
33.965,39.821
30.552,45.233
31.77,41.005
28.416,43.981
29.267,46.383
33.685,32.37
30.356,46.438
26.478,50.804
28.438,42.017
33.012,35.193
30.34,40.855
29.86,45.089
29.123,47.444
28.016,43.705
26.615,47.874
30.546,44.761
28.297,38.008
33.734,36.061
30.808,42.261
35.677,36.33
28.891,46.562
31.304,44.039
32.849,41.842
31.301,45.804
25.559,54.789
33.531,38.28
32.138,37.31
29.27,42.36
26.895,49.354
31.479,40.733
31.703,41.257
27.992,51.046
30.537,41.19
34.588,35.809
31.511,41.203
31.133,40.861
28.392,48.966
28.63,51.704
30.263,41.528
32.324,36.606
36.268,34.632
30.424,40.762
30.608,39.308
26.386,45.282
31.371,38.431
28.64,45.04
29.914,41.806
29.673,40.222
27.629,46.288
31.264,42.219
28.193,48.22
24.318,48.546
31.112,45.626
38.164,27.6
26.649,48.537
31.363,44.281
25.703,52.801
32.614,35.562
33.095,41.808
33.161,40.275
31.391,36.283
31.478,35.8
33.23,40.388
23.92,55.7
28.353,45.409
31.695,42.208
29.835,47.367
29.228,47.78
26.509,46.823
31.027,38.305
25.643,50.737
31.029,43.804
29.216,45.118
29.904,38.488
34.291,37.855
21.541,59.312
26.473,50.231
33.269,40.4
27.579,51.385
31.92,45.88
29.486,42.771
30.022,42.33
33.001,39.912
27.545,46.235
30.418,40.793
34.179,33.141
32.204,41.557
34.328,36.347
27.219,45.89
26.928,46.582
29.956,42.582
27.195,43.519
31.001,38.539
29.968,44.575
35.034,32.612
33.943,37.782
27.436,51.04
29.248,43.574
30.039,42.351
34.394,42.275
33.168,38.074
30.363,46.502
28.613,49.151
32.464,36.191
26.06,54.441
27.588,51.345
33.935,33.598
25.324,50.346
27.417,43.136
32.111,42.463
29.546,40.32
30.671,42.53
32.316,43.241
26.541,49.618
27.968,49.847
23.51,52.604
32.129,35.024
29.558,44.84
30.318,41.402
36.014,37.861
29.435,45.579
27.446,49.616
30.518,40.955
35.268,36.534
35.104,34.332
34.504,40.866
31.476,38.786
32.992,36.027
31.709,44.87
28.419,47.597
31.825,46.199
34.373,36.959
32.159,39.944
31.467,38.393
31.628,37.743
23.088,53.806
20.432,57.943
29.753,40.3
35.539,36.638
27.392,45.654
25.033,50.612
31.651,42.67
28.979,48.953
29.236,49.057
29.569,41.758
33.116,42.191
28.692,40.626
30.463,46.703
24.551,51.644
32.013,36.898
31.303,38.685
32.568,35.937
29.6,38.457
29.7,43.49
30.124,40.643
25.493,48.762
33.386,35.194
31.697,42.684
30.548,46.869
36.601,31.85
28.899,41.18
26.987,42.464
33.376,38.222
35.971,31.875
34.618,35.626
28.067,46.289
31.806,39.597
34.647,33.806
28.355,46.199
35.731,33.94
32.106,45.15
26.694,46.086
25.25,48.708
21.301,50.84
33.775,37.844
32.24,44.927
29.145,45.617
31.18,46.393
25.103,51.922
30.274,40.883
30.104,41.212
26.359,46.304
34.156,35.55
33.63,35.332
28.761,42.067
34.045,40.37
25.341,47.581
27.377,42.538
37.101,30.57
27.996,46.498
36.753,36.667
27.236,47.579
31.036,42.87
30.023,43.53
25.601,50.805
30.172,45.848
29.365,41.061
33.985,36.33
28.833,43.351
33.879,30.071
32.485,41.685
35.379,34.021
30.4,38.894
24.842,48.546
25.252,50.706
33.283,36.97
31.457,40.607
30.361,45.502
29.094,39.347
31.118,43.757
29.761,47.917
26.931,49.462
26.551,48.172
34.23,35.84
22.74,55.896
25.847,54.625
33.37,31.46
32.333,38.529
31.262,40.075
31.614,42.41
29.39,44.309
29.599,44.252
29.167,46.166
31.098,36.844
29.609,47.242
28.135,48.096
26.679,43.444
29.282,45.671
25.704,51.377
24.288,46.092
29.306,43.743
31.843,36.616
35.316,34.616
32.98,35.72
29.481,41.081
31.087,37.236
24.209,49.042
31.471,44.236
33.039,37.28
35.933,40.46
29.722,39.647
30.352,35.725
27.289,51.711
31.8,39.94
31.723,44.666
34.076,33.018
34.252,40.572
26.939,49.838
29.305,47.357
31.485,44.022
29.848,43.505
29.509,45.588
27.712,49.205
29.152,47.497
34.288,37.19
34.991,32.524
32.88,42.305
31.831,43.031
31.946,40.989
30.164,42.643
26.9,46.118
30.779,43.009
30.88,36.881
30.304,41.726
31.334,39.025
34.215,38.93
30.101,40.232
29.25,48.036
30.99,36.352
34.116,34.253
29.084,48.229
31.281,40.904
28.026,44.792
28.74,44.092
29.81,41.652
32.493,37.329
26.118,50.546
33.577,36.379
37.043,31.783
32.877,37.105
34.74,32.003
28.798,50.149
28.938,43.612
29.6,45.474
33.094,40.72
37.056,33.933
31.542,41.842
28.989,42.265
28.106,54.954
32.02,37.986
30.055,44.905
33.626,37.341
25.929,48.242
28.25,44.678
23.744,48.045
29.58,42.888
29.999,47.048
32.116,39.294
27.73,48.585
29.485,45.979
30.085,41.959
28.915,38.418
30.779,40.035
32.107,36.546
32.05,40.353
29.162,47.01
30.747,42.855
25.552,49.511
36.68,32.584
31.578,42.906
29.883,45.029
32.316,42.071
33.872,37.66
35.579,32.181
28.94,43.532
32.993,36.639
33.81,34.685
33.259,36.469
29.491,49.346
32.499,42.696
26.976,50.42
31.353,44.692
31.807,37.672
27.107,45.664
27.099,46.628
32.545,36.469
32.392,36.49
26.1,52.968
34.294,38.654
23.419,50.574
34.987,35.102
30.309,44.248
32.939,35.568
26.511,51.512
27.821,45.704
29.008,39.909
34.731,39.316
28.409,47.24
27.007,51.232
32.202,44.594
31.057,40.669
36.08,41.502
28.088,48.755
24.559,51.45
34.231,35.18
29.71,42.324
28.164,43.103
25.455,54.896
33.115,42.939
37.941,27.61
35.363,36.727
29.088,49.593
23.557,51.706
34.527,38.443
32.825,39.405
33.157,36.287
25.704,53.621
27.466,51.868
25.308,46.586
31.693,41.41
33.657,44.457
30.418,39.985
30.427,38.651
25.526,49.825
34.757,35.183
35.013,35.331
30.389,39.118
32.681,39.474
31.047,41.454
28.803,46.952
30.43,42.717
30.297,39.94
31.12,40.821
31.661,37.541
36.685,33.225
32.592,38.503
26.559,46.832
32.214,39.959
32.936,43.538
25.804,45.779
36.778,37.134
29.169,43.892
28.957,38.82
28.935,43.373
26.945,44.821
27.286,44.137
30.792,44.75
33.494,31.245
31.211,43.809
28.892,42.395
34.962,37.74
31.745,38.082
32.276,39.403
34.888,33.991
35.594,36.708
27.855,46.104
30.902,44.93
31.03,42.167
27.06,42.289
28.186,43.273
28.187,46.469
27.015,47.919
26.06,44.843
30.153,40.658
30.276,36.344
25.518,51.733
26.393,48.447
37.457,33.736
33.774,35.663
33.417,38.838
32.245,39.15
25.871,50.443
28.909,44.166
30.019,46.108
35.989,30.699
28.746,47.989
25.004,51.206
32.577,43.388
27.505,49.323
27.093,51.181
29.179,47.515
25.671,49.334
29.911,44.776
31.179,42.918
30.23,42.833
32.238,36.672
24.434,55.191
34.126,41.155
32.569,37.849
32.628,37.263
27.658,47.93
32.583,42.146
27.492,46.962
21.107,56.76
31.661,42.427
28.869,46.997
28.892,47.882
28.123,47.002
29.67,46.44
36.15,35.646
27.546,51.099
29.5,42.406
31.847,38.764
27.186,48.167
32.989,37.862
28.786,45.156
27.021,43.92
24.105,50.308
34.094,38.075
29.741,39.021
27.263,44.878
32.118,40.088
32.743,36.912
31.289,37.555
25.121,50.93
27.646,47.891
25.201,55.558
27.433,46.949
31.47,43.305
26.22,50.884
30.14,39.85
28.15,47.207
28.032,47.911
32.517,39.949
32.751,41.598
27.034,48.264
32.323,40.844
34.133,33.314
24.113,55.337
22.794,49.44
32.778,37.819
30.641,41.301
32.214,41.127
33.963,33.731
31.411,41.136
24.849,47.101
33.63,40.092
30.995,38.39
31.288,42.257
33.564,35.644
28.02,43.82
30.301,42.415
31.867,40.56
31.37,43.365
30.229,41.184
30.117,46.78
29.047,46.473
31.953,37.875
32.856,34.412
24.835,51.58
28.273,42.464
23.383,53.89
28.796,50.571
29.118,45.364
27.104,49.07
31.747,38.541
24.361,53.739
27.82,47.895
21.849,56.526
22.937,56.807
25,54.627
31.842,38.946
29.644,42.805
29.255,42.975
23.46,53.206
29.675,42.477
32.647,39.44
30.965,38.737
29.21,45.135
32.651,38.621
27.492,47.328
35.919,35.627
31.898,42.062
29.425,39.917
23.84,55.572
31.325,38.573
28.872,44.418
24.13,49.289
31.702,38.085
27.217,47.743
26.489,45.208
29.207,39.44
26.97,42.552
52.396,20.346
59.842,23.461
50.809,20.327
61.514,23.329
58.202,24.422
57.529,22.878
57.47,25.719
73.708,20.477
53.463,19.301
57.564,18.84
40.442,20.658
56.683,21.88
50.252,24.398
56.439,22.898
57.363,17.696
39.858,18.683
55.105,25.073
61.131,19.549
66.286,19.394
59.772,26.66
45.767,18.695
56.279,24.263
50.026,22.002
59.924,21.582
51.067,21.43
58.708,21.223
56.737,24.029
59.695,21.002
61.411,25.44
66.227,20.883
48.884,24.315
64.099,21.749
60.557,22.601
54.598,24.534
55.064,23.684
50.976,19.116
60.574,25.582
56.779,17.005
46.328,20.054
59.954,26.977
59.518,24.01
53.749,23.992
50.827,20.049
45.819,23.321
62.665,23.089
49.182,22.323
63.612,19.329
57.956,19.407
60.273,21.513
50.695,19.971
55.737,26.205
57.844,21.882
45.243,23.191
59.612,22.414
53.225,23.618
53.283,23.987
58.571,21.73
53.621,26.69
57.759,19.588
49.645,19.69
55.852,24.828
64.744,19.784
45.93,27.563
60.669,21.929
48.545,25.63
63.638,23.813
59.411,27.902
51.155,18.245
60.446,19.76
55.438,26.367
62.308,28.046
47.951,27.986
68.46,20.799
69.031,15.714
63.563,22.379
55.847,17.115
57.779,27.093
65.183,22.393
66.703,23.741
52.572,19.509
57.345,20.114
55.894,22.937
70.528,21.756
52.912,28.343
59.716,16.801
63.181,24.93
56.927,25.619
58.449,19.716
54.806,24.479
50.159,15.266
51.318,24.325
49.063,22.201
55.13,19.803
71.354,21.416
64.716,22.024
45.392,17.224
61.748,22.084
64.688,23.092
57.508,27.129
51.706,20.327
45.029,23.871
59.457,26.58
55.419,21.725
53.083,24.108
45.828,23.002
55.993,23.068
53.445,25.566
56.652,19.762
57.976,21.389
49.946,23.624
47.712,18.418
44.902,23.141
58.716,16.431
47.1,24.564
61.536,23.928
59.419,15.981
49.067,22.405
46.581,25.013
55.589,22.682
55.624,20.8
52.981,24.017
46.632,17.984
66.791,20.392
58.466,21.477
44.302,26.43
53.077,25.061
67.526,22.598
68.076,23.569
53.293,17.448
57.141,20.745
61.768,15.646
49.09,24.808
56.789,15.283
55.586,23.023
47.81,17.705
56.937,24.966
55.196,24.818
54.84,24.878
58.019,17.864
51.088,23.369
55.8,18.282
55.23,21.245
54.787,19.156
58.825,20.53
59.547,20.293
65.733,21.821
57.168,23.664
50.551,23.808
50.438,20.048
57.913,22.189
55.578,16.403
58.671,23.99
43.694,21.322
54.407,25.356
56.876,22.097
51.399,20.98
52.618,24.295
45.965,20.031
58.024,22.065
61.425,27.177
50.928,22.709
51.377,18.041
53.892,25.446
61.801,22.936
62.902,18.098
56.931,22.106
59.613,22.958
69.402,15.524
59.247,20.401
53.387,20.429
51.406,15.272
55.89,23.35
54.008,16.807
48.774,19.466
58.787,18.372
48.361,22.549
54.638,18.92
61.686,27.436
57.84,22.527
52.578,22.486
67.651,18.107
53.692,18.233
52.211,17.227
51.261,26.764
48.089,23.436
49.353,19.613
57.391,23.983
52.154,14.386
51.837,18.866
46.099,14.997
65.414,26.757
48.102,18.665
42.241,15.208
56.483,25.823
56.406,17.406
49.07,21.513
55.893,18.549
56.604,27.094
57.933,20.353
64.744,22.115
62.011,21.113
52.395,21.862
57.146,22.58
58.64,25.165
52.586,25.802
59.051,17.094
55.33,21.05
56.863,18.602
62.849,15.03
43.107,21.703
53.556,15.042
50.89,19.005
57.147,17.313
60.74,19.854
49.493,20.592
54.257,21.091
53.158,21.901
67.065,20.523
55.693,16.557
43.611,25.012
50.58,20.105
53.394,22.354
51.679,21.574
59.193,19.457
45.008,24.019
64.01,21.92
54.591,26.3
69.54,24.502
67.378,27.584
59.927,26.593
47.316,21.798
60.508,25.997
68.181,21.654
50.602,17.917
56.097,22.469
53.212,21.853
73.112,16.838
57.195,20.432
56.369,21.894
43.995,22.076
58.8,20.192
51.127,19.019
46.3,25.405
47.498,19.675
62.833,26.148
73.904,21.549
53.334,16.592
52.267,21.021
52.897,20.632
52.526,14.473
52.413,23.871
58.7,14.93
62.601,21.193
56.577,25.378
58.784,18.584
49.588,18.177
51.349,19.855
53.154,25.655
58.695,18.626
71.195,18.908
59.117,20.573
62.017,15.686
50.739,21.533
56.234,21.413
52.266,18.619
48.099,21.631
57.363,19.484
55.084,24.047
51.615,21.146
62.817,17.696
54.292,19.503
53.921,20.092
63.151,26.71
53.687,20.897
55.298,18.028
55.591,22.668
45.835,16.118
50.305,20.162
64.913,15.407
48.848,18.757
40.829,29.156
57.852,20.549
49.72,20.605
51.747,20.95
62.539,20.908
62.112,22.939
57.767,14.878
53.657,18.232
61.682,19.739
58.263,24.638
57.173,20.797
46.818,23.148
51.543,25.739
64.751,21.51
59.865,19.03
56.66,21.167
62.861,22.679
58.266,18.628
69.249,23.671
55.504,21.812
42.91,22.986
53.597,21.856
55.822,17.53
55.489,18.043
63.134,22.4
55.406,28.559
64.678,17.715
55.049,22.597
63.902,20.993
70.797,23.649
55.475,19.579
54.439,19.301
41.336,22.648
56.146,21.944
68.209,22.128
52.345,22.967
51.378,24.749
48.892,23.717
52.601,19.333
55.476,21.893
52.973,20.083
54.394,20.669
58.468,20.698
52.327,21.45
58.629,22.004
49.757,21.97
65.352,19.962
53.212,24.122
49.269,20.335
51.661,21.144
57.714,21.423
58.526,20.591
50.169,28.121
47.426,16.059
58.457,20.668
64.615,22.168
53.284,18
51.831,21.611
58.543,25.704
53.981,21.838
57.751,16.118
47.018,23.744
52.894,27.637
57.41,20.476
57.387,16.518
48.449,25.963
61.752,17.785
70.885,21.744
50.762,25.028
44.598,22.046
48.871,20.624
60.093,21.541
57.517,19.324
59.358,19.204
53.781,17.326
41.306,20.197
58.832,20.663
55.457,28.209
41.34,23.646
49.127,23.215
66.405,23.281
59.298,22.611
44.083,22.152
49.897,23.899
56.162,24.367
58.798,22.54
59.286,24.298
60.739,21.591
63.52,26.506
49.116,15.765
67.649,16.573
58.061,19.843
64.04,18.718
46.148,19.718
63.718,21.149
56.41,15.656
53.918,20.512
63.319,23.502
60.435,27.106
64.677,21.63
66.967,20.689
57.218,15.374
54.516,18.047
51.586,24.911
59.543,19.367
58.516,18.578
61.867,24.472
56.53,18.212
62.743,20.366
68.542,19.186
51.455,23.217
57.181,17.506
52.203,19.943
63.311,20.632
59.947,22.626
73.435,22.653
54.838,18.175
60.283,19.108
56.916,20.098
62.299,27.774
52.081,22.622
54.272,20.611
59.612,18.195
57.848,13.649
71.715,19.528
67.996,25.803
63.311,17.008
54.431,20.453
58.82,16.397
59.572,23.477
68.355,17.04
50.027,21.727
58.283,19.864
64.943,21.626
50.579,15.828
44.562,20.503
54.896,24.577
57.786,25.94
60.64,18.666
61.459,22.427
66.614,20.071
49.767,20.112
56.466,23.811
60.412,24.048
49.752,22.242
57.277,13.223
58.979,29.145
59.351,26.055
60.556,19.692
55.038,21.796
60.047,23.97
59.844,13.647
58.828,17.524
57.451,15.859
52.53,21.327
54.244,16.342
44.849,24.147
54.067,23.551
43.581,18.141
52.942,18.857
55.509,20.669
42.593,18.125
51.746,24.187
52.686,22.013
59.196,17.158
54.367,24.77
53.099,15.217
61.124,16.777
54.585,20.925
59.75,17.321
53.953,23.01
67.627,24.211
49.258,22.297
48.79,24.617
62.028,24.444
58.769,25.232
46.186,26.155
55.836,15.076
65.76,22.77
51.311,20.506
47.563,19.525
55.845,22.575
54.357,20.934
52.09,23.614
54.955,21.812
53.981,16.733
58.828,18.151
58.57,24.785
56.781,27.13
68.473,25.353
51.995,20.541
52.347,17.802
68.814,23.056
56.43,14.426
49.093,20.161
55.673,23.019
67.916,21.922
63.102,22.659
62.081,19.45
59.649,18.185
46.353,22.544
56.412,16.535
53.054,16.914
59.66,24.696
60.577,20.385
51.26,24.879
58.46,24.102
58.32,22.351
56.438,20.385
59.8,20.596
45.458,19.2
51.331,18.433
50.455,16.527
55.424,23.242
68.652,22.357
59.044,22.257
42.377,14.718
57.787,19.923
56.722,26.382
55.361,22.347
60.95,23.661
52.723,20.619
56.924,24.108
55.755,26.849
60.778,18.71
63.883,21.205
56.262,27.315
55.135,24.802
49.904,19.281
58.556,24.086
65.236,18.807
56.369,15.599
48.572,23.428
60.496,26.486
61.647,20.455
48.145,26.502
67.148,18.053
60.735,18.84
63.341,24.305
48.531,16.649
53.612,21.22
47.082,16.03
49.753,18.153
50.283,22.759
48.476,24.424
50.149,20.458
64.774,20.489
60.643,22.192
55.899,27.489
58.263,20.59
55.181,19.378
53.475,18.975
58.771,23.764
52.266,20.423
57.546,22.646
60.212,21.773
42.786,15.439
54.498,19.962
57.643,19.549
70.989,16.929
56.41,21.967
65.161,17.924
51.899,21.377
60.138,21.482
59.127,19.955
59.638,22.344
60.334,21.862
51.508,16.154
56.359,24.36
56.228,18.987
52.195,22.218
59.581,22.923
54.212,21.47
60.931,21.767
54.146,22.567
53.58,24.894
50.707,20.764
56.098,17.478
54.167,22.108
55.212,16.395
55.126,17.542
47.225,23.075
56.418,20.044
57.485,16.666
54.603,23.564
54.298,18.84
48.842,22.571
51.437,25.375
59.737,16.841
60.433,23.09
56.571,25.771
58.028,16.111
51.476,21.732
49.519,21.274
59.086,22.563
51.571,20.716
49.472,23.828
58.549,22.909
57.489,24.077
58.81,16.705
56.743,15.333
50.966,21.998
49.738,17.152
57.832,22.437
63.618,22.765
58.272,18.6
49.838,17.367
47.467,18.533
52.282,25.128
61.317,17.184
49.69,21.13
57.5,21.313
49.997,20.141
57.159,18.385
60.935,19.804
54.867,16.39
56.734,24.364
60.185,17.852
64.559,24.234
59.039,18.63
47.081,39.156
52.43,35.744
60.704,37.764
51.47,39.381
62.566,40.203
51.482,39.608
54.532,41.214
55.994,34.194
50.555,39.466
69.909,40.255
57.244,40.536
57.295,37.641
57.444,39.776
57.662,39.335
62.04,37.184
45.504,41.057
58.067,37.256
63.658,42.87
56.478,39.672
54.417,39.65
57.184,39.129
58.604,40.1
44.591,40.397
55.843,35.443
55.325,34.542
55.558,31.426
55.5,37.066
49.115,39.714
62.679,38.791
60.844,43.552
50.629,35.514
52.924,32.823
56.136,40.844
48.87,39.291
53.107,39.729
42.595,41.565
60.448,40.188
55.317,37.137
63.296,37.95
49.466,37.692
59.15,42.656
63.444,40.065
57.122,32.981
51.935,40.847
53.589,36.157
52.724,38.289
52.926,35.011
58.345,37.828
63.014,36.379
53.629,41.355
54.287,34.527
51.224,34.747
56.536,37.724
53.419,40.637
52.777,39.442
58.366,38.649
60.924,38.099
54.257,32.981
47.599,41.128
55.687,37.575
47.571,38.965
45.234,38.189
43.434,36.46
53.735,39.676
63.232,36.783
54.666,37.495
55.227,38.288
59.24,39.913
61.36,37.091
46.495,39.634
59.377,35.769
50.492,36.737
50.8,40.714
58.716,37.187
57.745,44.287
57.898,41.736
40.92,38.308
63.904,39.047
67.695,36.955
44.506,42.645
54,37.298
69.659,32.046
61.296,38.455
63.344,31.057
53.14,42.829
65.46,39.365
55.334,35.976
47.702,37.728
38.416,35.189
54.08,38.659
55.318,36.028
59.798,30.364
58.234,37.658
56.122,38.268
40.211,37.048
53.912,42.369
60.406,37.95
53.834,38.078
46.124,40.195
57.213,39.123
60.373,36.235
50.701,41.593
57.518,45.263
54.95,40.186
59.384,33.842
62.697,36.828
65.11,38.373
64.205,42.763
50.416,38.815
59.676,33.931
49.889,40.974
64.9,42.659
55.962,33.8
41.982,41.291
60.362,38.714
67.157,31.993
56.414,37.953
43.177,41.634
56.466,36.452
59.181,40.167
48.886,42.708
67.618,42.334
50.798,42.735
64.6,38.298
68.479,34.647
47.32,39.228
49.614,36.241
51.234,40.71
59.428,45.258
53.569,34.845
62.487,42.051
58.386,41.342
55.237,38.972
57.23,37.939
55.1,42.598
51.931,39.932
52.284,40.596
61.901,40.894
58.729,37.866
46.199,35.147
59.756,37.703
60.528,43.437
57.854,36.048
59.216,39.251
60.989,37.415
49.74,38.892
54.68,39.588
56.484,38.282
54.034,37.794
65.108,43.023
68.737,39.383
51.915,40.528
48.192,36.193
60.521,40.913
49.551,36.233
56.049,36.964
56.986,31.858
52.316,38.648
59.735,41.529
52.439,33.92
63.034,31.752
71.918,37.853
58.069,42.044
53.444,37.292
71.946,36.35
63.482,36.409
59.057,38.394
50.915,38.805
52.062,36.702
49.008,35.456
61.822,37.404
58.95,38.915
45.321,37.209
53.871,41.954
54.619,38.362
56.203,39.692
57.992,41.082
51.833,39.771
61.893,37.711
67.753,39.603
49.667,37.761
47.016,42.513
52.507,41.844
52.265,42.38
53.855,39.764
49.702,40.777
53.551,39.818
55.007,38.188
49.035,40.479
55.016,36.901
67.998,41.593
62.997,41.432
57.719,38.768
51.615,34.902
53.784,38.022
59.28,40.875
57.836,41.354
56.235,35.449
45.695,41.487
63.28,45.757
56.598,37.025
71.463,42.331
53.767,39.292
47.4,39.214
59.968,39.893
57.292,38.966
50.449,37.327
49.636,41.54
40.102,36.584
64.631,35.371
45.334,37.014
53.09,39.539
54.564,38.002
54.892,34.496
55.151,35.539
55.27,43.098
61.635,38.171
43.88,37.729
49.372,42.768
50.613,33.649
48.722,41.982
46.107,32.4
58.305,40.23
48.296,32.974
64.454,38.93
52.936,31.285
59.093,39.54
50.016,35.481
41.574,43.195
46.203,37.732
64.027,38.277
57.559,37.894
63.634,36.6
55.639,35.939
55.464,36.232
56.053,39.22
51.582,39.639
58.665,42.547
65.41,42.463
66.695,34.059
62.665,33.56
58.556,43.212
42.233,38.042
52.628,36.387
44.973,38.437
48.94,41.538
67.63,42.638
48.813,39.566
46.208,37.658
54.5,39.707
62.377,37.073
57.768,40.566
50.074,45.989
58.755,35.374
61.612,38.181
56.434,38.953
58.883,39.112
56.367,37.105
53.353,44.002
48.296,36.841
52.329,37.079
65.079,37.102
57.599,35.125
54.683,40.418
54.082,34.143
51.506,36.633
55.564,38.117
56.091,38.938
53.615,39.225
59.802,36.708
46.121,40.466
50.439,39.411
57.822,34.359
59.398,39.139
62.466,34.371
53.972,42.18
63.437,42.69
53.876,41.111
51.248,32.867
66.387,42.759
51.533,37.415
57.454,32.974
60.717,41.486
42.514,42.45
45.818,37.47
50.333,38.223
65.768,41.574
50.952,37.15
65.04,37.323
54.215,37.265
55.825,31.861
46.786,40.098
57.414,41.272
57.675,45.268
50.372,40.124
45.46,39.556
61.077,35.56
54.567,42.178
51.797,36.292
51.951,37.356
45.467,40.08
58.224,39.075
56.533,35.449
43.315,38.469
47.139,36.87
49.643,43.974
47.753,42.624
59.99,41.065
61.65,36.485
62.61,35.841
51.387,40.16
48.685,42.106
54.395,36.678
52.214,33.798
48.176,40.295
55.95,34.948
46.62,35.285
62,43.117
56.997,32.124
57.572,42.777
53.402,40.447
44.724,32.1
49.063,37.76
55.302,32.845
58.144,41.912
57.725,37.895
60.915,43.078
57.589,36.804
63.87,36.424
68.37,37.061
42.922,42.091
50.62,36.795
49.472,38.228
51.052,40.938
59.202,42.975
61.257,42.113
48.892,39.025
52.009,36.575
57.883,37.963
54.1,37.978
49.107,41.854
63.63,38.287
49.553,44.72
55.944,39.293
65.103,31.985
63.884,38.299
58.31,39.154
47.257,36.563
63.981,40.758
56.206,35.113
47.72,35.923
56.114,43.347
48.559,39.7
58.358,34.651
62.652,39.743
59.643,34.636
47.11,41.286
69.336,40.443
59.31,39.558
55.583,38.344
56.01,38.136
53.218,38.642
51.887,42.218
59.607,39.675
54.004,45.42
59.54,35.485
49.27,39.706
55.612,39.452
59.244,40.285
45.159,36.731
50.451,34.315
45.93,35.427
54.085,38.108
58.223,42.826
49.042,37.88
62.703,35.648
54.88,40.454
61.1,35.413
60.091,37.772
53.773,40.71
57.515,40.237
49.456,35.064
48.885,38.788
60.581,41.757
60.825,38.191
54.952,40.684
54.621,36.307
58.63,37.785
59.959,35.921
54.084,44.145
58.735,38.262
63.206,37.993
67.648,38.565
58.535,34.985
45.98,48.355
54.037,35.566
48.641,35.625
37.793,38.743
43.721,41.359
57.505,35.601
47.216,41.039
49.921,36.609
52.675,38.907
49.418,42.175
57.207,36.187
48.544,42.495
44.704,41.815
43.101,38.544
69.09,39.738
57.011,39.281
55.119,45.349
64.794,40.23
55.706,39.546
56.486,40.774
51.36,36.993
58.872,43.523
59.437,40.96
51.432,43.885
52.356,40.338
54.188,36.712
46.427,34.49
54.851,37.912
48.492,37.239
58.288,39.587
52.317,38.36
42.178,37.737
65.063,37.619
62.163,45.039
52.622,35.004
55.632,41.389
49.249,37.338
47.97,39.692
48.655,37.223
56.008,39.16
46.223,40.696
55.39,37.825
64.931,34.32
51.304,40.823
52.17,39.2
55.831,42.56
67.184,42.703
64.287,42.567
57.163,34.065
63.339,32.288
49.423,37.963
62.4,38.046
54.728,37.971
55.952,38.694
55.207,42.838
48.528,41.517
62.296,39.456
48.123,37.181
54.088,38.935
58.273,36.261
54.505,43.009
51.749,39.466
68.572,39.34
58.195,41.367
50.999,39.098
64.535,37.641
60.965,39.795
68.117,34.171
56.28,39.352
54.123,36.837
50.307,40.019
51.703,40.887
60.8,38.66
51.445,38.751
50.707,37.64
51.453,43.61
66.279,37.502
43.27,36.225
52.564,36.868
62.158,39.812
63.662,38.605
59.815,37.616
60.096,41.948
57.744,40.814
70.507,42.577
59.243,42.706
49.034,43.191
61.149,39.383
53.716,42.076
67.395,38.134
44.04,39.833
55.959,36.635
58.514,43.999
54.792,38.159
57.135,41.39
62.488,37.345
63.187,34.366
43.659,34.434
62.027,35.782
43.477,40.792
48.959,38.353
59.462,42.995
56.176,41.085
54.668,44.202
60.407,39.153
51.408,38.491
57.196,41.427
50.346,35.584
65.513,38.909
56.804,38.055
68.037,37.277
61.361,38.535
54.132,43.108
44.855,43.648
59.544,40.421
56.564,41.576
58.961,44.816
57.834,36.372
58.373,38.743
53.591,37.211
40.443,36.463
54.162,38.388
57.832,39.217
56.876,43.377
57.961,43.746
53.651,42.686
52.192,37.81
63.646,34.003
53.088,43.295
48.767,39.443
54.707,37.036
59.589,38.216
64.801,41.406
57.833,38.612
68.361,42.436
49.235,40.669
54.005,40.594
57.187,43.714
56.895,33.85
41.142,39.105
63.955,42.015
45.509,39.703
59.42,38.456
63.913,42.436
57.733,38.096
50.65,37.476
56.414,37.033
52.992,42.024
62.392,39.799
55.015,42.758
65.754,37.895
52.66,38.946
54.868,39.3
62.496,34.319
53.928,36.725
56.263,37.811
51.832,33.6
53.561,36.552
57.914,39.559
46.042,38.315
45.468,43.169
52.369,37.639
51.163,36.126
53.188,41.912
61.53,39.042
54.582,39.963
56.966,35.531
56.783,38.664
54.613,32.726
54.744,40.155
44.962,42.59
58.755,41.711
57.669,40.165
63.812,43.886
54.45,39.262
41.623,39.445
52.74,39.991
60.819,38.189
61.927,39.255
51.93,36.472
52.075,36.571
60.33,42.39
47.386,34.333
57.678,39.326
58.401,40.977
61.925,39.436
50.987,37.951
51.218,35.501
63.079,39.46
57.184,40.232
67.377,38.817
64.7,39.187
47.654,34.375
73.687,40.529
54.182,41.355
60.536,35.238
55.043,40.838
61.798,40.167
53.945,36.211
49.653,44.984
52.091,36.309
60.181,48.17
53.272,38.951
58.952,44.1
47.932,37.929
65.77,35.315
54.7,52.491
50.366,56.875
58.799,61.206
51.406,55.784
56.231,57.617
54.952,60.378
44.116,54.78
62.006,58.066
56.28,57.268
54.113,58.571
60.961,54.226
54.784,55.952
47.116,54.723
48.381,62.464
40.468,54.75
59.329,57.901
66.771,52.69
57.555,58.26
59.905,54.154
53.714,55.295
61.7,61.743
67.723,59.151
53.745,56.08
63.884,59.278
64.04,49.972
65.698,62.908
59.191,56.665
57.16,58.628
60.624,56.723
55.054,49.918
58.619,51.365
58.05,52.097
61.916,54.964
66.589,61.089
54.432,55.971
64.053,57.836
55.116,52.756
54.533,49.508
55.927,59.425
51.14,57.653
59.993,51.783
50.93,59.262
54.432,64.253
52.034,50.474
55.362,52.652
64.288,54.811
56.767,54.035
60.35,60.148
55.041,58.187
63.202,58.18
59.196,55.563
58.31,57.335
55.115,54.054
61.835,56.438
67.428,58.677
60.803,55.54
65.656,59.323
52.508,55.771
42.957,57.89
62.597,59.391
49.696,55.79
49.886,55.393
53.961,59.248
59.335,54.209
57.703,58.236
58.746,55.391
70.935,53.717
63.778,49.509
61.541,54.715
53.893,53.911
59.4,54.67
66.666,57.022
54.864,59.706
50.955,58.261
55.868,53.691
58.177,51.204
39.483,48.445
56.409,55.135
49.137,55.865
51.63,53.422
47.408,59.888
49.675,60.051
48.262,64.416
57.496,54.915
50.07,55.487
56.672,52.871
62.626,56.535
52.631,60.392
53.947,51.458
57.672,58.408
47.121,48.948
58.841,56.339
46.564,50.954
65.359,51.29
69.222,59.786
53.232,52.812
57.769,59.458
66.375,50.707
62.615,49.601
58.464,58.797
50.853,53.345
48.07,58.19
55.449,59.064
54.073,54.122
55.959,49.069
57.378,53.509
58.159,53.436
61.108,59.444
58.507,57.193
55.024,52.204
59.157,57.316
49.814,57.511
62.025,55.529
68.933,56.042
40.758,57.134
51.602,59.988
61.932,54.496
46.785,55.887
55.315,50.475
61.616,57.842
59.272,61.46
57.496,57.641
66.255,52.91
59.944,51.237
66.191,60.103
61.725,58.925
53.355,52.866
59.919,57.429
51.159,55.411
60.156,56.49
58.022,52.836
49.468,58.872
63.995,53.625
49.219,57.719
46.663,52.351
46.132,60.985
58.225,50.337
44.775,50.046
59.317,56.605
52.099,52.011
53.633,55.88
55.14,56.235
61.519,62.762
45.327,54.648
52.364,55.978
65.642,59.754
53.279,55.012
48.314,55.942
65.024,58.928
54.169,57.389
70.575,53.815
58.115,58.897
57.338,56.681
60.801,57.16
66.64,56.315
60.819,56.038
49.431,58.389
52.888,56.594
61.161,59.355
62.545,53.902
54.13,61.258
52.644,60.829
60.219,60.072
56.093,54.009
59.326,51.197
66.661,61.462
64.795,57.52
46.646,61.68
68.501,54.356
41.825,57.137
59.94,54.222
54.474,57.033
51.554,58.208
53.488,52.225
41.578,64.244
61.03,56.79
58.763,57.881
48.405,55.956
59.647,58.146
45.074,59.412
46.444,54.817
63.181,53.118
47.488,59.53
67.936,53.139
50.732,53.81
58.867,54.992
56.034,52.85
52.188,57.163
62.061,55.964
62.968,60.614
48.208,59.813
49.688,61.621
56.268,55.425
53.189,53.514
60.031,56.131
62.927,57.957
68.973,55.585
44.556,64.448
58.826,52.059
59.199,50.701
50.835,56.901
56.928,55.367
50.289,61.182
65.212,54.55
53.513,57.812
57.611,57.762
66.189,61.199
50.457,55.629
51.033,55.255
71.578,55.001
54.977,52.405
48.159,53.694
64.579,54.05
55.509,56.503
63.461,55.108
48.56,53.249
52.126,48.361
59.586,52.802
53.31,53.963
52.475,64.788
60.17,58.344
64.45,54.068
55.136,52.399
54.394,52.13
59.482,49.557
64.924,55.981
58.503,61.551
63.728,55.296
49.194,52.582
54.392,56.095
59.38,55.492
50.792,59.053
60.112,54.343
57.106,55.918
53.394,52.463
65.805,50.736
55.213,60.366
64.524,57.109
55.382,53.528
65.464,57.625
53.693,57.531
55.292,60.98
59.274,53.926
61.74,57.994
64.708,59.34
53.314,59.317
59.528,52.106
53.736,56.506
41.975,56.75
53.768,55.756
64.596,56.767
66.24,55.573
67.029,54.506
54.373,57.72
52.738,54.085
64,52.973
58.591,55.108
65.147,55.477
71.024,55.072
44.258,57.911
59.755,57.536
57.501,58.966
57.496,54.614
50.125,54.501
47.267,58.881
53.81,53.094
64.504,58.02
58.741,55.047
54.378,58.82
53.606,59.389
48.584,54.348
49.904,59.474
45.725,57.914
61.897,58.765
51.712,51.683
57.558,53.52
50.566,57.331
50.847,53.073
48.767,56.041
52.121,58.053
56.134,57.478
52.501,55.931
53.521,51.161
61.112,58.928
65.134,55.419
58.119,53.709
54.674,58.658
62.023,56.19
49.472,55.913
42.987,54.989
59.393,57.727
51.709,55.016
53.577,53.268
57.414,58.145
52.781,54.195
62.61,56.309
50.876,55.201
49.894,50.924
55.851,55.671
54.166,56.632
55.79,54.578
62.297,51.771
62.958,53.185
57.597,56.21
53.444,51.332
70.641,58.569
53.76,53.377
42.468,53.617
48.682,52.736
64.945,56.333
62.026,54.452
66.074,62.054
55.696,55.091
51.525,54.819
52.897,63.204
51.896,48.049
45.442,58.73
59.33,58.932
57.661,58.29
51.483,51.041
47.562,57.401
54.487,59.963
60.851,55.871
56.036,53.543
55.647,56.698
63.367,54.939
56.417,59.372
54.237,55.761
57.315,53.31
53.945,57.139
68.994,57.224
57.371,56.523
55.98,52.792
52.817,59.883
60.313,55.898
46.819,57.186
57.58,52.702
58.82,54.314
68.345,58.109
46.688,55.254
54.492,56.624
55.597,52.735
51.153,52.637
53.876,55.454
46.953,60.148
58.329,61.291
49.496,53.048
47.039,55.462
60.9,60.464
54.539,52.796
47.074,57.828
44.226,53.067
53.389,59.429
43.524,50.699
54.661,60.332
44.161,50.242
56.438,53.869
60.137,62.576
51.656,50.138
56.603,56.702
60.325,59.458
55.916,54.912
56.234,57.248
55.961,55.161
50.883,53.169
48.756,51.723
47.409,57.775
56.03,56.51
49.677,49.818
50.127,53.289
59.596,56.086
59.394,54.145
59.406,50.12
57.355,57.71
59.801,59.168
42.125,57.331
50.315,55.397
54.415,56.121
55.965,59.767
53.441,53.973
49.15,54.048
58.499,63.915
62.607,53.694
48.937,52.037
57.627,54.04
54.986,49.366
46.067,59.688
52.419,54.956
58.269,53.017
59.922,57.08
52.952,58.244
64.129,52.096
60.377,53.994
61.72,58.674
48.433,59.615
56.217,54.031
58.603,56.534
58.934,51.019
55.828,56.019
49.744,53.341
40.674,58.989
58.791,55.26
58.706,58.783
58.545,56.745
46.049,63.45
53.896,51.62
48.617,54.897
69.45,60.159
60.528,52.376
58.846,50.108
45.672,58.416
54.656,60.292
53.581,54.294
62.904,57.62
55.646,48.26
58.383,52.659
61.599,61.927
60.468,52.612
59.266,57.783
48.564,62.629
55.516,59.407
59.437,53.639
46.611,56.669
53.198,56.379
58.224,58.131
52.036,61.196
64.621,56.916
55.434,51.598
53.09,52.398
60.442,52.551
56.62,56.047
55.964,52.723
53.984,50.166
54.501,61.307
55.742,52.168
68.736,54.212
64.701,51.567
50.309,56.222
53.176,52.131
53.114,55.32
55.947,52.276
49.041,58.129
64.789,56.281
56.266,52.185
65.563,55.771
47.624,63.724
51.8,56.747
52.65,52.9
42.946,57.464
52.03,55.055
60.382,51.423
59.204,52.638
56.936,55.639
47.397,52.29
59.594,50.677
59.654,54.816
50.73,53.548
54.859,52.834
55.505,56.097
54.126,54.066
63.276,54.733
66.281,49.846
56.844,55.583
47.73,60.069
49.792,50.699
59.2,50.324
51.038,60.114
49.285,59.328
65.456,50.598
62.017,56.112
59.349,56.462
54.732,49.978
48.095,54.64
50.637,48.416
57.895,58.228
44.64,55.186
60.619,57.117
56.437,52.439
58.862,58.624
54.43,58.797
62.789,53.275
68.897,48.106
48.086,55.149
49.166,55.394
63.731,55.208
50.437,56.897
51.777,49.781
48.087,55.786
56.985,60.608
47.873,56.749
50.021,63.856
48.901,55.314
51.737,57.766
61.484,54.329
62.509,52.052
65.477,56.706
52.089,57.118
57.065,53.914
55.076,49.808
66.973,51.495
45.857,52.191
65.815,57.007
54.879,55.939
58.036,55.863
59.67,53.126
65.889,55.731
60.724,52.956
62.579,60.237
51.132,50.895
59.848,56.542
56.6,50.726
50.722,53.2
64.14,62.906
48.698,53.708
50.436,59.596
54.413,61.139
65.128,50.987
61.067,61.561
60.312,52.875
62.021,57.302
60.632,51.722
55.145,55.342
57.051,52.37
57.918,55.386
49.163,53.452
60.998,60.506
60.34,54.557
60.735,59.583
57.207,56.111
66.076,56.953
49.446,58.452
52.323,56.249
50.625,56.201
54.125,59.037
49.332,58.918
48.636,53.724
45.352,52.692
51.364,52.685
61.025,53.896
53.586,50.771
51.366,53.779
63.374,63.479
63.546,52.704
57.253,55.319
51.933,54.359
53.95,52.788
67.468,55.807
54.339,50.714
54.481,53.148
54.138,51.039
49.503,54.174
41.972,59.001
58.075,52.218
52.646,62.965
65.413,55.299
56.585,59.629
62.78,49.842
45.078,52.478
54.342,53.013
60.28,52.187
50.424,58.443
65.822,52.304
53.701,56.305
59.88,55.937
58.685,57.814
58.874,58.132
54.022,63.745
49.415,50.488
62.499,58.416
62.835,56.452
60.954,51.121
62.653,54.4
51.353,54.912
44.017,53.555
60.145,58.38
60.351,58.933
59.036,58.295
49.514,54.76
68.48,55.37
55.249,56.377
55.568,53.443
51.487,54.972
58.95,51.652
51.582,59.784
59.372,54.312
57.558,57.662
66.641,56.262
55.663,59.621
41.625,53.432
58.178,53.608
50.904,58.157
54.667,63.513
46.875,63.585
58.007,57.116
54.792,55.239
63.597,56.198
63.422,55.378
61.12,56.965
60.921,53.958
53.548,54.592
80.828,40.457
80.06,35.189
89.248,57.748
85.734,50.629
78.916,36.671
80.838,41.563
81.889,44.835
83.672,46.105
85.61,46.114
80.206,42.713
82.26,41.631
83.435,45.906
78.236,34.196
81.526,44.398
79.387,43.347
79.494,38.607
85.637,46.267
81.135,43.295
80.359,31.227
81.861,47.448
82.361,43.182
78.498,41.447
79.9,42.01
78.788,39.16
80.892,41.513
82.12,46.864
82.618,40.002
88.016,50.853
81.795,38.189
75.977,36.673
84.964,45.539
80.817,42.989
80.482,41.595
82.868,45.225
84.727,46.456
81.336,38.528
82.91,44.136
84.933,49.013
80.683,41.092
80.489,34.916
80.921,41.014
77.587,33.837
88.211,52.276
76.943,33.691
80.912,45.796
80.839,43.976
88.638,53.654
81.539,41.786
78.405,35.016
85.687,49.344
83.336,43.592
80.523,37.814
78.065,36.769
77.562,38.949
85.171,44.807
82.031,42.782
76.032,29.319
84.043,46.593
83.337,48.834
82.237,45.652
83.871,43.402
79.677,42.574
84.487,49.462
79.757,38.062
84.014,45.362
80.616,39.846
84.163,48.75
79.264,38.084
84.288,42.533
82.805,45.306
78.087,39.804
75.657,39.958
87.938,53.742
83.892,42.587
82.927,41.107
79.531,38.628
84.058,46.497
84.296,44.267
85.902,50.83
79.518,40.563
78.484,33.52
85.07,47.465
82.842,41.174
79.24,37.177
82.818,46.283
82.369,42.251
83.469,43.2
83.932,45.353
84.885,48.281
84.554,44.905
82.426,45.417
84.747,48.562
82.673,46.857
88.315,54.483
80.333,42.691
78.1,32.439
82.47,44.529
80.327,39.818
84.702,48.037
83.243,45.125
80.552,35.517
77.562,33.176
80.21,38.675
79.852,37.21
83.726,47.705
83.053,42.645
81.11,45.744
81.504,41.048
80.456,39.651
85.03,49.857
83.297,50.441
82.554,44.852
85.62,51.156
84.902,46.085
75.933,31.402
76.537,37.523
78.602,40.565
85.75,46.912
79.394,37.123
79.569,33.854
81.902,40.246
78.811,38.775
84.116,45.31
86.034,52.757
78.822,36.973
84.848,49.192
81.336,38.565
81.56,44.861
80.494,43.854
82.3,46.125
86.681,52.38
84.424,44.972
86.543,51.807
80.923,39.403
79.738,43.284
82.043,45.253
87.259,48.194
77.561,35.446
85.454,47.231
81.291,42.624
82.193,42.293
83.04,43.537
83.733,40.605
82.839,47.311
88.217,52.976
78.285,37.447
77.816,33.495
85.118,48.587
83.701,42.142
82.248,46.913
80.379,39.958
75.601,32.395
83.932,45.984
84.173,44.914
87.998,47.377
80.365,38.456
81.242,45.967
82.615,42.422
81.414,44.39
80.912,41.899
80.673,43.721
83.271,45.731
78.081,35.16
77.523,35.605
85.526,50.842
80.439,43.2
82.819,47.122
83.309,46.697
81.684,42.373
81.839,45.823
82.459,46.167
80.667,43.043
82.798,42.246
80.219,38.409
83.603,47.211
79.837,39.738
79.577,45.929
85.01,46.046
82.541,46.462
82.163,42.776
81.627,45.74
79.254,42.825
82.259,39.642
75.165,35.586
84.54,48.394
85.555,49.118
84.144,49.337
81.138,38.639
80.175,40.809
83.32,46.459
78.961,40.95
82.167,40.889
83.478,44.88
78.28,40.092
79.976,39.701
77.768,38.7
76.742,36.177
83.924,44.729
80.244,42.851
76.339,32.434
81.151,39.874
78.448,38.683
79.422,42.759
84.091,41.602
82.526,44.084
82.059,39.312
80.952,40.926
82.79,43.44
80.434,43.407
86.2,47.683
87.595,52.065
79.153,39.806
82.484,45.487
85.527,45.6
87.915,51.588
76.467,34.869
80.91,40.662
83.16,45.009
81.13,43.307
80.839,46.305
79.05,36.361
82.189,44.201
79.46,41.577
84.768,48.284
88.265,53.683
78.659,37.105
86.593,46.888
81.726,44.066
77.609,40.921
78.667,42.003
87.442,55.91
84.516,49.768
79.105,37.764
80.244,45.922
78.383,37.42
78.129,38.771
77.275,36.525
80.382,40.413
82.598,41.923
85.3,48.969
86.769,53.586
85.152,49.765
84.782,48.981
77.879,43.374
81.596,42.089
85.218,51.705
83.493,47.901
85.621,50.305
79.209,40.163
80.838,42.016
76.529,34.729
82.497,42.455
83.76,46.111
83.366,43.591
79.524,36.445
77.528,32.155
82.694,42.954
79.521,37.718
85.843,48.274
81.149,45.809
78.998,39.455
80.773,40.218
85.642,50.45
76.296,38.006
83.737,48.468
80.859,38.059
85.237,46.626
78.15,35.788
80.12,40.823
79.822,40.347
80.386,38.098
83.333,44.419
77.945,38.308
77.588,41.384
81.056,42.057
80.613,40.333
82.189,44.988
79.752,37.257
80.896,44.253
83.999,45.221
79,36.674
84.294,48.631
84.546,48.496
81.908,47.484
85.897,45.21
84.99,45.851
78.585,35.884
79.863,39.969
78.597,42.127
80.08,37.605
79.913,44.606
85.016,52.894
88.376,51.884
82.166,41.63
83.76,50.553
80.619,43.848
80.53,39.882
80.667,40.693
82.6,44.881
78.285,31.6
85.72,45.998
89.119,53.989
79.416,35.704
85.427,47.592
85.532,46.354
86,48.628
83.802,48.332
77.639,37.202
84.169,51.657
79.51,41.18
82.425,42.102
83.196,47.006
78.846,40.873
77.189,31.581
86.258,50.747
85.207,44.895
85.309,48.529
82.226,41.334
80.079,38.929
77.937,36.188
78.418,37.169
74.792,36.171
84.947,46.846
85.632,46.523
83.724,48.114
79.229,33.921
85.593,47.854
84.184,47.06
84.211,42.443
80.32,36.62
81.149,36.783
74.752,34.973
81.668,46.322
83.495,44.73
78.918,40.27
79.761,43.051
76.925,34.89
85.781,48.818
76.247,34.488
80.487,44.638
85.911,46.748
80.915,40.818
86.842,48.104
78.754,39.074
73.214,30.616
82.182,44.479
84.055,49.474
86.003,50.597
76.554,36.623
81.13,38.369
81.748,43.246
84.591,48.177
81.953,46.844
84.567,50.001
80.712,37.996
82.527,47.231
78.132,40.46
89.741,52.592
85.191,50.545
81.501,39.397
81.218,41.747
78.318,36.888
80.978,41.664
81.297,45.863
83.866,46.133
72.159,20.596
80.762,40.363
84.892,50.224
82.171,42.264
78.769,37.563
79.156,39.29
86.84,49.072
83.82,48.724
79.894,44.882
83.768,44.348
84.525,51.142
81.406,42.741
78.374,41.382
80.366,35.593
82.819,39.145
83.501,40.912
87.127,51.859
80.458,43.581
75.563,36.406
77.475,39.828
82.48,42.634
78.784,41.848
73.8,28.63
82.251,43.115
79.372,38.011
78.4,38.571
77.116,35.251
78.942,40.009
85.588,49.51
75.667,35.067
84.882,46.39
83.855,43.879
83.49,44.034
74.895,32.59
87.849,51.213
88.336,52.679
78.579,40.79
79.422,42.216
83.431,47.991
84.159,48.252
78.217,36.456
81.204,39.913
80.464,38.738
78.489,36.687
76.641,33.655
79.213,39.26
76.475,35.495
81.661,44.183
83.033,47.153
79.25,36.424
79.169,38.783
84.028,47.23
88.548,53.966
77.898,40.16
79.608,37.892
83.709,51.268
81.108,41.257
82.341,46.1
83.336,48.148
80.552,36.604
82.482,45.492
84.738,47.525
77.272,35.329
81.605,43.708
85.121,47.319
81.152,42.688
81.017,40.953
84.406,50.478
84.526,45.216
82.333,45.991
85.018,48.733
82.034,43.918
77.406,40.528
81.181,44.159
89.603,55.169
82.996,40.889
82.02,43.726
81.989,43.613
84.745,43.881
82.336,38.155
84.092,49.469
83.048,42.341
84.05,45.963
77.163,33.874
81.661,43.235
86.83,50.035
79.048,39.811
80.654,39.287
85.229,48.596
77.109,32.857
84.041,48.029
78.158,39.112
82.477,49.829
83.505,38.907
75.304,31.251
82.966,49.14
82.406,43.566
79.841,43.687
76.378,43.456
81.096,38.607
80.769,40.401
79.149,37.87
80.958,42.845
77.694,37.179
77.696,39.396
82.129,41.48
76.433,31.487
77.431,35.54
81.789,41.01
83.574,48.63
81.961,42.108
81.317,45.562
78.645,38.423
85.051,44.455
81.568,34.918
82.162,44.115
84.096,47.774
82.765,44.483
82.52,45.981
82.551,45.755
81.618,41.206
82.876,46.458
78.532,32.572
85.07,48.294
82.437,44.319
81.051,39.609
86.592,54.304
80.041,36.311
89.03,51.616
75.422,28.224
91.098,57.481
85.581,48.878
76.499,37.689
85.401,50.954
77.261,36.688
77.809,33.88
83.553,48.907
79.768,39.245
79.967,40.329
86.227,46.956
75.089,32.208
81.975,43.639
79.508,38.855
82.172,43.03
86.254,49.41
81.313,46.157
81.833,39.833
81.788,41.551
81.583,42.954
83.934,45.393
83.144,45.376
81.534,44.586
85.437,52.262
79.332,43.387
82.902,37.857
80.381,44.725
80.457,42.552
78.001,39.327
85.237,49.766
86.235,44.307
79.913,38.781
83.221,46.945
86.54,46.161
79.197,40.003
75.572,34.755
80.178,44.354
79.169,40.545
86.301,52.929
81.323,42.284
75.021,31.449
82.493,41.721
74.945,32.792
82.107,44.488
82.819,41.043
82.705,45.649
80.859,43.222
77.725,39.272
81.871,40.61
77.579,31.756
79.323,37.714
82.134,45.3
80.494,43.339
82.916,48.105
81.306,45.968
85.205,52.224
88.29,51.619
86.97,47.743
78.752,36.168
88.699,55.776
75.339,32.899
83.205,41.608
85.553,46.3
85.755,47.263
84.665,47.628
73.465,28.512
87.868,52.462
83.534,51.157
78.711,37.501
78.445,41.125
84.822,50.739
88.381,51.608
85.443,46.254
89.44,56.113
80.708,38.199
81.986,43.11
79.01,39.916
84.515,43.765
76.489,35.772
82.197,48.923
80.634,38.334
82.452,46.573
83.129,42.579
81.282,39.581
82.679,39.999
78.526,36.424
83.361,46.534
84.129,45.701
84.328,48.049
86.175,50.192
84.207,46.62
88.245,47.992
80.796,40.44
81.681,41.672
89.5,54.389
78.829,40.233
88.676,49.812
77.127,33.773
82.087,47.541
88.911,54.965
83.563,43.219
80.423,34.917
86.166,50.408
81.19,43.477
80.005,40.993
85.684,46.266
81.985,19.505
79.88,19.334
81.793,20.265
80.971,16.091
77.191,14.907
78.718,15.865
80.514,20.922
78.934,21.413
82.85,25.327
71.638,8.8013
76.949,14.943
73.661,9.3279
78.069,17.489
81.747,23.7
73.089,8.2933
79.244,16.982
79.033,21.546
82.921,24.995
78.269,21.51
84.57,28.933
78.459,18.317
82.132,24.279
76.598,20.064
79.901,15.997
73.628,5.9774
78.437,17.531
78.373,12.777
78.142,15.692
80.275,21.712
80.666,18.635
82.952,23.117
83.286,25.566
79.313,19.894
77.922,14.638
76.343,9.9523
80.74,22.97
79.816,19.965
81.13,25.612
79.803,18.776
81.565,18.784
80.301,22.244
87.906,30.585
79.923,22.821
76.228,16.073
79.978,24.439
77.995,18.648
80.361,24.263
78.1,19.676
81.174,22.073
79.47,20.854
76.358,14.884
77.18,18.827
80.937,22.72
83.543,30.472
87.138,26.641
76.086,16.337
79.08,22.803
79.896,14.969
82.328,22.652
79.187,21.862
75.755,9.4871
82.852,25.268
78.734,15.71
78.359,20.857
77.33,14.713
80.83,22.848
82.284,22.064
79.048,15.665
76.313,11.553
83.78,27.128
82.387,20.413
81.075,26.744
75.599,17.809
79.566,20.439
79.296,24.079
77.981,12.558
78.394,12.606
80.388,22.751
76.686,19.495
79.121,23.077
80.45,23.594
83.283,23.447
79.239,18.643
83.328,25.027
78.482,19.69
76.613,13.3
82.017,24.967
84.367,22.813
76.782,15.127
80.058,20.833
76.255,18.225
80.369,16.449
78.026,16.571
81.005,22.736
76.338,14.346
84.591,28.798
80.288,22.211
81.667,24.393
76.578,16.365
80.649,15.571
85.164,29.181
73.138,12.573
77.602,14.678
77.98,16.953
74.239,13.733
84.787,31.109
77.439,18.249
81.939,23.078
78.71,17.719
82.219,23.023
83.747,20.341
77.972,19.53
82.396,22.522
73.036,9.6815
82.759,25.094
83.98,22.678
85.195,28.474
79.298,21.54
81.388,22.416
79.299,13.922
79.635,21.785
79.089,21.575
81.38,23.258
77.504,13.321
73.545,12.989
76.871,15.641
80.493,22.137
83.146,24.026
78.116,15.662
81.146,18.792
78.914,12.987
81.697,25.831
83.133,26.681
82.518,28.113
75.305,12.922
79.024,16.331
79.955,20.928
81.166,18.907
78.156,14.007
83.645,23.411
75.51,12.379
78.244,14.212
85.255,30.4
76.384,18.538
82.634,27.068
82.32,19.802
85.787,29.586
84.564,26.607
79.422,19.557
80.839,26.816
78.425,19.513
81.49,20.2
76.365,12.844
81.533,23.719
78.72,15.222
76.44,12.801
82.888,26.687
75.013,11.986
85.507,31.672
83.937,28.068
79.046,15.401
83.692,24.904
78.569,16.875
73.686,10.821
76.114,10.287
75.27,8.6398
76.797,16.405
77.824,14.04
79.718,25.485
82.811,26.067
80.132,18.06
76.089,13.957
79.757,14.315
72.855,9.2239
77.413,16.181
74.935,13.619
78.969,13.151
79.075,21.225
80.046,21.614
73.225,3.6532
78.566,17.552
76.655,15.905
76.288,12.3
77.092,19.022
75.359,14.711
87.163,30.411
76.218,11.694
79.64,12.892
81.215,23.676
78.129,13.707
78.067,13.838
79.387,14.198
82.708,20.576
77.021,8.1798
79.523,17.05
80.024,19.556
80.662,20.666
78.904,19.389
75.917,12.595
82.632,27.178
76.243,10.697
83.106,20.64
85.357,24.681
79.748,18.186
76.972,15.211
77.874,12.311
79.519,18.517
75.344,13.183
74.351,8.7947
85.256,27.994
72.848,6.5066
78.088,13.877
74.373,13.15
79.031,9.223
82.286,19.221
81.008,18.807
83.388,21.546
78.157,15.409
77.659,15.052
81.261,21.957
78.849,20.571
81.001,20.279
78.3,18.631
82.608,19.561
84.258,26.757
79.762,22.634
79.697,17.355
75.991,11.231
76.991,14.774
79.037,22.069
74.606,10.518
82.014,24.548
80.705,24.033
84.993,27.417
84.029,21.423
76.831,14.113
75.78,10.207
76.315,15.935
76.318,15.351
81.514,24.918
82.643,19.653
76.916,16.774
77.548,10.165
78.66,17.078
75.24,13.434
76.745,14.476
81.95,22.105
78.653,17.509
80.503,18.995
79.605,13.983
83.668,23.674
79.813,23.52
76.445,14.961
74.054,11.432
73.468,11.588
85.025,24.768
84.516,27.444
77.939,16.332
71.48,12.923
81.94,26.199
78.782,15.204
84.669,27.465
76.389,7.9273
77.822,18.454
80.646,22.728
76.469,16.498
77.245,13.419
73.851,10.769
81.617,20.317
81.94,25.746
82.228,24.671
78.993,21.523
76.222,14.613
77.122,16.393
78.209,14.43
81.852,20.304
88.914,35.666
76.942,18.172
83.109,25.096
79.37,22.258
77.09,14.643
81.083,23.038
79.081,17.251
82.261,18.713
78.541,16.486
81.964,24.068
84.259,22.734
80.22,21.908
75.337,9.2422
75.184,14.31
84.652,30.01
78.615,16.609
80.037,22.188
80.202,23.212
84.568,26.274
80.14,27.048
83.628,25.809
82.707,27.747
79.203,19.307
77.068,13.435
78.584,20.311
81.905,19.96
77.179,13.244
81.178,21.738
78.836,20.746
76.92,13.317
83.431,28.212
79.332,18.55
80.12,15.592
78.861,18.358
74.807,17.433
81.277,18.529
74.793,7.6249
82.361,23.008
79.034,16.802
74.157,12.821
74.795,11.442
75.917,14.398
77.715,16.159
80.589,26.109
84.901,27.781
82.503,25.275
86.01,25.886
77.145,18.778
82.059,26.847
74.98,12.142
80.133,22.389
77.605,18.141
79.14,20.217
81.657,22.754
80.436,25.061
80.887,18.576
86.807,28.068
82.56,24.864
76.481,15.855
77.289,19.029
80.817,23.005
72.248,12.399
84.006,28.292
79.01,14.768
83.209,30.8
82.288,20.144
80.915,14.197
85.682,26.27
80.062,18.656
74.472,14.35
82.464,23.781
69.957,3.6732
77.95,16.099
80.78,21.899
80.516,22.098
80.659,18.586
78.791,17.424
78.649,15.201
79.764,15.851
73.876,10.942
82.409,22.113
77.243,16.529
76.349,16.736
82.756,22.942
82.454,25.572
85.983,28.278
86.211,37.607
78.471,18.57
81.275,21.636
75.922,5.8502
77.551,17.378
79.42,16.314
74.975,13.457
81.17,22.467
80.899,21.747
75.963,15.741
84.438,24.754
77.661,17.191
82.937,22.773
83.454,25.005
72.427,6.0802
81.873,21.131
79.722,18.62
77.313,19.399
81.778,22.966
85.394,27.938
77.665,18.264
77.366,16.939
80.409,19.58
75.695,17.486
79.94,21.625
81.496,21.461
81.198,22.215
79.158,18.934
77.372,14.113
77.782,14.782
76.705,18.973
74.861,13.062
79.315,19.889
78.064,22.774
81.858,21.61
76.685,15.131
79.694,12.455
82.616,20.37
77.732,19.044
77.107,14.928
80.259,21.569
79.923,17.23
79.059,17.023
84.56,24.493
84.286,24.964
81.229,11.258
80.503,20.182
79.964,21.61
84.385,26.254
73.779,11.242
75.878,14.43
82.888,24.968
76.979,14.866
75.872,12.778
84.434,28.402
77.297,16.314
80.954,23.712
81.975,22.362
83.633,26.969
77.247,20.945
80.451,20.377
86.242,30.337
76.134,12.849
83.076,22.586
79.309,22.984
78.285,17.524
84.285,21.916
81.258,21.414
76.419,16.036
78.12,20.784
77.453,18.181
78.468,16.109
75.229,10.076
77.789,13.711
79.062,16.681
78.637,15.983
79.112,18.28
81.991,26.827
75.977,9.9034
76.939,18.083
81.992,24.635
71.649,9.7257
80.052,17.041
81.794,23.578
81.075,25.715
80.344,21.34
75.864,13.017
82.41,23.498
74.315,10.232
83.558,26.741
77.899,15.782
79.562,16.348
77.827,22.657
77.096,15.414
72.061,5.7995
81.899,21.831
77.687,15.813
78.299,18.125
78.321,15.865
80.182,15.52
82.95,26.595
82.516,20.213
78.428,16.8
82.125,23.325
74.879,11.574
79.104,16.83
80.165,18.163
81.392,25.872
79.449,22.484
83.166,23.06
77.718,20.249
80.438,21.562
78.224,18.276
76.147,14.598
77.024,12.25
80.686,22.343
80.712,16.568
75.229,15.425
77.433,16.924
77.72,17.116
87.422,32.048
82.983,23.91
73.172,8.2686
85.813,29.025
80.836,19.979
81.687,25.144
77.574,16.341
80.718,26.464
84.291,27.285
79.77,17.916
83.1,26.308
82.061,22.12
79.567,17.915
75.874,17.998
77.418,21.548
84.098,22.589
78.018,15.279
77.427,14.525
78.899,14.248
75.054,18.067
82.017,20.013
79.711,22.094
76.751,15.02
78.014,14.076
74.143,13.391
84.15,24.392
80.363,21.08
80.088,17.901
80.548,19.874
77.457,11.664
79.146,18.721
79.564,19.428
79.603,17.841
76.368,16.36
80.653,21.477
77.213,16.349
82.479,28.974
79.89,20.656
84.415,26.821
84.26,24.734
72.642,7.5001
76.103,17.195
83.084,20.22
77.863,15.444
79.602,20.156
79.014,18.428
77.672,16.638
78.621,16.442
83.01,24.764
77.761,12.63
77.92,17.249
77.55,12.351
75.879,11.729
81.574,21.204
77.908,15.575
75.475,13.353
77.504,20.07
80.782,17.817
80.045,22.011
82.477,20.081
81.22,22.149
76.122,17.257
80.736,25.14
76.263,18.636
85.263,26.516
81.11,16.679
73.056,8.5696
83.023,24.202
74.023,10.971
78.645,16.223
82.137,25.985
77.554,15.054
78.703,11.5
81.429,24.964
79.33,19.625
80.449,19.732
81.578,23.342
82.432,21.214
81.83,22.077
83.907,26.544
77.645,13.429
73.053,4.5858
83.767,27.125
77.582,21.389
77.27,13.054
75.349,14.754
81.404,23.272
81.456,21.618
80.053,21.294
79.722,18.052
78.791,19.704
76.361,15.384
78.511,18.313
78.831,19.151
84.465,22.234
77.19,15.299
76.555,16.198
83.345,27.477
85.204,29.16
78.639,15.825
83.434,25.287
74.888,7.8444
82.575,24.118
76.872,11.858
79.553,20.731
76.936,11.51
73.652,15.324
78.365,17.094
82.454,23.405
75.636,14.036
73.107,8.243
74.564,15.841
80.298,19.023
80.028,18.231
74.7,10.312
86.208,29.931
79.733,21.399
79.672,19.903
97.597,34.681
92.106,27.657
96.274,34.532
95.049,29.67
99.703,39.337
93.08,28.013
90.071,20.281
96.346,34.521
91.087,24.002
96.121,30.593
95.453,32.03
97.922,32.382
100.46,34.772
96.215,34.715
96.666,33.954
96.593,26.759
95.592,31.128
99.461,36.387
94.139,29.941
97.481,32.668
98.595,31.183
101.13,38.304
98.602,34.646
96.616,38.057
96.113,29.347
92.986,26.659
96.621,33.026
96.825,32.08
97.418,31.259
102.55,40.289
100.28,41.382
101.52,33.424
98.425,32.494
95.197,29.416
95.358,29.078
95.937,27.721
96.28,27.43
102.63,42.319
97.946,35.618
93.293,29.519
101.37,38.741
93.419,33.678
96.717,30.859
95.794,32.058
98.685,37.268
96.22,28.783
97.356,32.215
96.674,32.377
92.884,26.169
99.968,37.1
91.931,21.572
90.523,23.724
94.482,27.233
100.84,35.813
96.014,35.114
95.942,26.444
97.523,32.181
97.665,33.304
99.278,41.826
102.45,43.435
95.524,30.085
98.419,34.592
97.622,34.751
100.02,36.505
99.618,39.251
101.14,43.999
89.979,21.302
93.803,25.607
97.93,34.352
99.916,32.813
94.464,30.626
94.137,28.414
96.749,32.784
96.485,29.231
99.33,31.591
94.783,25.851
101.94,38.437
91.88,23.847
96.361,28.372
95.662,29.947
99.054,37.023
95.493,32.665
97.495,37.064
100.62,39.289
94.006,32.975
97.763,35.625
97.694,34.827
97.753,30.705
100.56,36.977
102.58,41.421
97.306,37.09
90.77,23.611
102.38,44.424
101.78,35.703
101.2,35.38
95.374,27.581
94.939,31.201
90.159,17.424
95.281,33.517
91.368,25.236
98.16,35.09
99.36,37.243
99.481,37.688
92.703,28.33
104.09,48.885
94.517,25.811
101.51,37.611
97.587,29.1
94.314,30.835
98.77,34.855
95.822,27.399
98.3,37.963
102.93,43.187
100.54,34.72
98.786,29.912
90.567,24.526
91.604,22.731
98.818,37.205
103.16,43.44
99.139,35.301
101.39,34.473
96.068,34.4
94.47,27.179
93.666,24.327
99.563,42.14
97.839,37.362
89.921,24.897
95.836,34.619
97.224,29.7
96.867,36.574
85.804,16.558
89.576,22.66
100.24,37.131
94.315,28.364
97.31,31.523
95.771,26.924
101.22,37.255
97.659,33.441
98.752,33.51
96.268,29.004
99.656,35.606
94.295,27.609
95.694,29.471
97.383,31.513
97.384,31.819
92.1,25.722
96.488,30.905
94.444,24.982
97.679,30.521
94.911,30.004
98.948,35.849
93.65,28.369
102.23,40.305
98.521,33.872
95.188,33.254
99.534,35.136
102.99,41.476
99.568,38.506
97.107,34.655
100.24,38.787
91.479,23.448
99.768,37.902
98.068,36.753
96.719,37.664
91.07,25.466
102.82,41.798
95.89,36.346
99.816,42.493
96.2,32.046
92.943,27.923
95.716,27.272
99.868,39.643
96.101,32.332
98.027,32.702
95.599,30.244
96.131,28.556
98.592,38.405
92.228,26.753
94.25,23.735
97.765,32.644
93.095,29.283
100.92,39.147
97.673,32.54
92.072,28.221
102.55,40.484
93.486,35.132
101.38,40.063
98.768,35.203
101.23,37.271
98.564,32.477
95.012,29.39
98.119,37.071
104.35,43.052
100.75,44.807
100.42,42.578
98.037,33.533
99.372,35.599
94.763,28.405
102.48,37.691
98.984,34.902
99.496,33.606
96.606,29.665
100.49,39.513
94.46,27.09
98.998,34.063
98.734,37.119
95.894,31.818
90.343,26.445
96.476,29.074
92.512,28.416
100.02,36.374
92.033,23.952
101.84,42.039
97.935,33.943
103.01,40.61
98.262,35.093
97.362,32.895
100.61,39.17
91.469,22.051
93.514,21.402
94.944,33.408
92.669,26.437
96.957,32.921
103.73,44.745
97.235,31.284
98.17,34.357
97.679,33.797
103.9,42.116
94.27,27.736
99.28,35.61
91.702,20.235
98.714,34.372
99.935,32.293
95.118,30.521
92.447,26.339
99.056,38.426
97.62,33.051
95.155,29.504
95.719,30.757
96.526,34.439
98.006,34.616
97.182,35.915
99.987,34.886
96.258,28.654
100.94,38.72
98.478,34.083
96.858,31.755
97.432,36.845
102.56,40.332
100.2,38.887
97.964,37.598
94.722,32.84
92.885,26.647
93.754,27.881
97.691,33.735
93.313,30.061
97.971,35.161
99.718,33.929
94.644,27.688
93.965,25.729
99.573,39.369
92.618,24.467
92.005,23.81
98.816,36.643
93.63,29.532
100.56,36.693
96.515,32.413
97.638,32.067
101.25,37.779
92.415,26.457
96.903,29.553
100.05,38.103
99.409,34.875
93.524,25.244
89.162,20.772
99.599,38.017
92.359,22.047
91.028,23.985
93.502,21.993
93.053,30.641
97.973,34.072
95.565,31.311
93.064,25.174
97.227,39.301
99.332,36.697
98.983,36.575
98.421,36.644
95.462,29.012
95.963,35.612
96.028,25.963
97.618,32.577
93.701,31.939
99.596,40.381
93.868,27.436
98.295,38.163
97.482,35.219
91.009,16.545
99.212,38.573
98.475,35.481
97.578,32.901
101.13,34.888
92.749,24.977
96.386,30.649
97.831,34.003
92.415,24.854
98.46,33.11
102.48,43.963
96.41,32.387
102.43,33.369
93.705,31.394
101.31,43.702
97.629,35.126
90.843,21.63
92.827,26.84
93.394,26.713
100.09,34.618
97.505,37.449
100.53,39.123
93.169,27.515
94.92,30.01
95.405,30.919
98.43,36.487
92.738,24.112
97.776,35.282
95.461,31.298
96.637,28.614
98.854,34.8
96.653,32.81
99.292,33.696
91.629,23.051
100.8,34.753
93.082,22.271
94.826,27.305
96.374,33.203
98.403,36.556
94.319,27.865
94.069,30.694
97.896,30.2
94.812,30.261
101.53,38.229
96.046,33.563
93.166,27.733
96.622,29.908
102.65,38.676
92.881,23.295
97.39,31.58
99.052,37.651
101.54,41.005
102.77,41.463
98.006,36.582
97.808,33.601
101.49,42.94
97.014,32.112
100.7,40.285
100.2,37.482
97.857,32.63
100.13,41.715
99.961,37.022
99.364,33.115
97.278,29.773
96.968,33.205
98.189,39.81
98.156,35.022
96.136,29.212
99.045,31.401
98.904,38.215
98.888,35.248
99.212,36.779
93.548,27.767
95.586,26.975
100.47,35.419
98.592,35.241
94.072,25.913
97.174,28.323
96.361,31.041
97.714,33.053
92.507,25.471
99.364,36.605
91.917,26.62
97.097,34.038
96.502,35.706
92.83,23.95
101.62,37.574
96.97,33.987
91.977,27.599
97.626,34.872
98.604,37.133
97.735,37.371
97.891,37.083
97.21,29.372
94.434,23.548
97.414,30.811
102.7,39.595
97.992,33.264
96.728,30.41
96.215,31.847
100.54,36.629
97.293,32.156
94.746,28.46
97.653,32.25
99.898,40.535
99.819,39.985
98.704,33.986
102.14,36.749
100.63,32.871
94.398,29.79
97.75,30.604
94.507,27.799
94.981,25.338
96.21,30.873
95.999,31.989
98.012,37.972
93.451,31.355
96.138,29.13
91.346,22.441
98.449,42.456
96.038,34.724
99.732,35.549
98.451,32.042
91.316,27.684
97.52,32.622
95.684,32.042
93.415,28.824
94.575,23.453
99.126,37.819
96.083,36.611
94.847,30.984
100.23,39.496
96.029,32.742
94.672,29.853
104.92,46.507
96.849,32.569
91.39,23.509
98.756,33.055
103.1,41.107
95.401,25.955
98.529,36.395
94.419,35.806
97.145,33.45
101.69,37.178
93.384,27.251
96.295,34.061
90.737,25.287
90.707,24.047
94.975,30.031
102.29,43.745
98.008,30.197
95.843,34.29
100.84,41.52
98.686,32.313
95.446,28.66
95.358,27.472
100.96,38.07
95.258,27.212
100.98,38.437
94.455,33.36
102.48,39.812
97.776,32.905
94.949,31.366
95.774,26.813
97.464,32.63
94.553,29.093
92.93,24.597
97.45,35.187
97.593,31.316
104.08,43.387
101.17,36.186
94.524,29.666
92.181,25.461
97.894,34.405
96.03,31.016
96.394,36.022
94.389,31.081
99.167,32.859
95.386,28.458
100.64,33.959
97.734,35.853
101.03,42.333
98.515,38.75
96.024,30.718
92.213,20.907
94.166,33.699
99.147,31.546
100.26,37.798
92.289,24.68
99.453,35.009
95.258,31.704
97.118,30.561
97.116,34.262
105.89,48.998
97.968,36.184
93.752,29.212
91.224,22.725
98.478,34.363
99.51,32.979
93.16,30.135
101.12,38.188
102.56,36.431
97.656,35.351
91.974,22.011
100.77,38.723
98.214,37.923
99.409,33.312
93.648,21.124
98.133,35.581
95.893,28.732
99.898,31.303
101.48,36.239
100.25,37.82
92.755,24.016
99.822,35.966
95.106,26.912
94.927,31.486
97.971,31.512
92.475,32.326
103.42,43.063
94.871,31.048
95.745,28.274
95.707,29.682
100.57,32.894
96.306,32.791
95.6,29.852
98.21,34.695
94.86,28.711
96.969,30.653
96.346,32.59
108.02,46.881
95.341,32.803
94.501,24.921
96.52,30.734
93.741,29.311
99.87,36.918
106.08,44.631
101.24,41.001
99.467,37.366
102.6,40.01
97.896,37.739
98.341,32.151
92.406,29.538
100.02,35.082
100.5,38.407
96.168,34.278
96.584,35.244
99.359,38.819
91.014,25.407
97.602,33.495
96.673,33.631
100.94,39.597
95.594,30.785
97.825,31.847
90.622,22.994
101.33,43.202
99.225,35.05
96.838,34.316
90.719,18.329
98.723,34.609
99.276,35.012
94.667,35.173
101.07,34.343
101.28,39.3
92.89,27.186
99.218,33.526
98.799,32.452
94.865,30.544
94.423,29.454
93.306,24.457
98.975,36.418
94.573,27.499
100.73,37.345
90.602,23.415
94.504,24.866
94.832,28.095
98.529,40.083
98.8,32.917
99.911,39.86
93.247,23.935
98.422,37.134
100.34,37.085
102.46,42.675
100.47,36.052
94.042,23.402
95.805,32.151
91.474,22.4
95.488,34.088
99.14,36.502
99.469,33.839
96.794,34.335
93.468,26.775
97.741,35.014
96.916,35.935
94.554,25.144
96.706,30.421
101.15,38.837
97.405,32.358
95.97,30.421
92.534,23.613
96.701,30.348
94.658,25.356
95.45,30.314
97.109,29.378
110.5,28.426
111.78,28.604
116.63,26.975
110.56,34.597
112.88,18.676
116.99,34.806
114.31,39.025
113.89,37.315
110.74,34.952
111.59,27.596
116.47,18.81
111.16,36.894
109.28,27.337
121.54,18.544
109.54,15.53
115.67,28.782
111.42,13.283
116.39,33.73
107.46,29.85
118.31,29.013
106.75,22.986
112.36,24.908
110.81,28.381
116.38,32.448
115.92,36.998
117.42,27.51
113.55,29.827
113.38,17.723
113.72,25.282
109.84,40.623
113.89,35.761
116.17,23.656
114.46,34.783
116.85,35.705
115.85,20.939
113.35,30.292
117.8,34.086
112.57,22.182
120.82,35.688
111.96,40.085
113.55,31.678
112.36,36.175
110.3,24.811
112.74,35.878
112.23,26.59
112.68,22.292
115.74,35.241
114.84,23.628
110.71,29.56
108.85,27.101
117.45,24.22
113.67,29.53
112.62,34.764
106.37,24.788
117.22,23.904
111.11,10.434
112.24,39.37
109.4,34.081
113.18,32.529
120.76,25.106
108.93,26.681
115.87,32.903
113.82,35.355
113.5,27.144
111.93,36.332
111.49,32.458
111.34,33.033
117.24,19.813
117.71,32.586
110.61,38.108
114.84,34.257
119.6,29.656
113.44,39.57
113.28,29.411
114.44,30.717
114.07,21.019
110.87,20.655
116.42,33.027
112.03,19.944
109.59,26.583
109.42,26.902
115.14,28.934
114.77,31.425
115.36,31.977
112.53,32.282
113.39,29.501
112.73,27.492
112.15,20.755
111.24,34.186
114.65,37.218
110.5,37.756
110.61,31.91
115.5,45.787
117.21,16.051
113.05,28.07
115.69,39.217
114.86,27.552
109.21,36.488
112.29,33.145
109.52,25.924
114.02,34.132
118.41,12.962
115.66,34.137
113.67,39.955
119.84,32.581
117.8,26.039
113.74,30.807
115.72,24.123
112,25.551
114.71,33.501
112.33,32.633
114.98,24.018
114.63,29.886
110.24,21.399
116.27,29.26
111.16,18.762
112.81,28.306
116.27,27.276
113.23,38.178
115.6,29.786
114.34,17.702
113.33,25.507
113.39,30.18
115.16,24.183
108.71,44.145
120.65,30.041
114.27,23.122
117.65,25.89
109.9,25.272
116.84,30.621
115.23,27.831
114.22,27.52
113.82,24.854
117.91,31.436
117.66,41.583
119.04,39.454
108.85,18.283
113.55,36.667
113.21,42.312
112.96,33.332
110.07,25.419
117.04,32.019
114.88,29.696
113.15,36.25
113.42,34.623
109.56,34.889
115.38,33.484
116.82,38.379
117.97,30.07
110.67,27.675
112.77,29.09
109.14,32.625
115.94,31.314
114.02,41.396
112.27,32.416
115,32.679
113.66,31.402
113.91,35.321
113.05,28.883
113.32,35.307
108.36,31.059
116.07,27.575
115.85,31.934
113.85,37.66
119.07,23.415
114.4,36.732
116.39,26.396
113.7,36.466
112.45,33.653
117.48,28.344
114.04,16.785
109.98,32.437
116.33,32.773
115.66,32.476
114.47,31.731
116.57,27.863
107.33,34.302
113.19,22.635
115.71,30.38
116.62,22.327
115.59,28.105
115.88,28.738
115.38,24.366
109.39,33.699
109.56,42.054
117.34,38.151
115.57,28.641
112.57,15.305
117.22,28.412
110,32.102
108.82,27.749
114.03,31.204
115.36,20.245
111.86,24.33
111.23,27.521
114.64,38.958
116.72,30.313
120.5,37.249
109.49,31.188
114.8,22.445
115.66,25.987
115.13,27.982
113.52,23.76
111.63,38.995
110.66,38.716
115.08,33.771
118.66,26.968
117.32,28.202
113.31,36.704
114.6,32.432
116.65,37.628
114.74,23.732
108.5,21.371
111.65,28.468
113.78,23.639
115.45,42.695
115.39,33.297
114.93,37.568
113,31.498
120.27,23.246
106.85,41.961
114.47,27.545
110.51,22.55
113.79,18.311
115.43,32.941
113.17,27.604
118.26,19.519
113.71,28.616
111.72,23.198
110.39,45.144
117.29,23.185
116.57,30.805
114.03,33.436
114.32,29.025
114.37,29.44
109.8,34.843
115.52,36.732
111.35,27.878
117.09,31.919
113.67,30.434
118.82,38.143
115.03,24.48
111.42,28.262
120.51,27.762
115.48,37.578
113.59,19.522
109.18,32.552
110.17,31.119
116.11,18.752
116.13,38.801
113.52,11.888
113.64,41.821
112.77,21.876
108.99,25.381
109.88,31.783
113.49,44.052
115.11,32.787
109.84,35.781
114.26,39.186
112.5,18.934
112.45,20.548
111.25,29.639
114.53,25.575
112.6,28.425
113.06,25.372
120.38,39.652
115.14,31.869
112.23,24.024
113.23,30.871
112.35,29.039
114.49,26.783
114.41,16.511
118.16,27.813
112.73,31.5
115.01,25.14
114.86,28.384
113.7,34.464
107.06,29.856
117.5,31.218
120.82,27.886
120.32,36.197
111.25,31.663
114.63,35.54
111.68,37.333
112.19,15.975
117.6,26.373
111.38,30.487
115.19,29.488
114.23,31.442
118.04,33.151
119.54,38.721
119.95,29.339
113.73,30.117
113.45,30.202
115.19,32.008
117.3,35.654
113.56,29.958
114.98,21.022
116.81,33.507
111.24,25.186
113.65,31.623
123.99,28.351
111.96,20.231
112.95,47.854
106.63,30.776
110.97,24.573
109.23,29.521
118.01,18.073
111.66,32.851
111.13,34.658
113.02,37.685
117.95,19.758
111.07,31.969
114.63,37.542
112.08,29.259
112.13,30.576
110.36,27.674
120.3,27.797
114.17,23.581
114.12,26.132
116.85,37.191
111.68,22.065
108.27,20.653
114.03,30.269
114.5,35.919
117.05,22.933
112.77,30.334
113.77,29.43
116.04,35.896
112.72,36.351
116.32,34.513
119.84,22.692
115.47,25.517
116.69,29.431
114.65,18.046
110.34,47.385
119.15,28.352
114.02,24.567
114.21,23.437
114.12,31.025
118.31,27.623
114.68,19.085
110.91,18.53
109.84,29.854
112.93,18.611
112.18,29.607
109.52,24.398
110.41,24.498
118.24,35.971
113.53,21.981
116.84,9.9046
118.06,33.72
115.67,31.134
111.95,17.963
112.57,33.05
118.25,27.977
110.71,24.384
112.82,31.815
117.73,25.306
115.09,27.26
116.15,17.288
116.85,23.603
114.36,13.47
118.55,27.733
114.71,28.453
117.55,27.686
111.21,32.688
113.62,26.327
110.57,12.011
110.94,28.876
112.56,30.352
113.82,30.063
119.27,23.284
113.49,41.743
111.39,27.8
116.62,28.892
112.97,25.491
109.41,35.302
114.65,30.406
113.81,24.278
114.21,36.131
125.12,16.337
115.08,20.224
108.06,21.748
115.95,30.267
109.67,27.404
113.64,17.59
119.22,29.841
117.2,45.226
114.45,43.024
120.12,34.191
118.09,31.818
110.55,26.007
116.31,24.973
111.24,29.553
117.84,34.539
114.97,33.808
110.81,31.957
111.74,26.912
109.22,35.913
112.51,25.241
114.78,34.922
110.82,35.265
113.35,41.109
112.37,20.536
116.87,29.493
113.83,32.817
116.75,24.917
109.51,33.799
107.67,33.789
111.37,24.334
113.55,39.617
111.53,24.971
116.54,25.871
114.96,28.609
115.82,35.017
112.69,27.232
108,18.401
116.26,31.449
118.58,25.379
118,18.355
110.83,21.098
118.94,25.192
113.95,30.877
117,35.145
111.2,31.273
114.93,32.778
113.21,31.396
114.95,27.665
116.4,39.317
118.52,33.033
115.44,39.258
117.03,22.635
114.6,31.809
118.16,31.68
112.06,20.683
112.57,29.926
111.65,24.943
113.69,22.543
115.45,24.76
111.35,33.758
115.22,26.301
116.01,28.623
112.62,37.287
115.74,32.236
112.76,35.542
112.13,30.335
109.67,18.168
115.72,24.991
111.22,25.957
113.66,33.387
110.64,34.943
109.11,23.266
109.95,31.537
119.82,21.585
105.62,28.199
113.35,19.784
118.4,38.887
110,41.008
108.83,36.554
115.21,31.102
113.21,17.053
111.03,35.446
119.41,17.397
116.24,29.248
111.45,20.078
112.63,27.199
113.1,30.889
113.18,35.232
115.39,38.312
114.4,42.696
111.14,24.451
115.51,21.843
115.68,33.315
110.46,18.555
111.2,33.921
117.53,44.295
112.34,30.836
119.37,25.112
112.91,31.013
113.48,11.157
112.36,36.067
115.99,28.523
114.89,40.524
112.91,28.769
113.38,30.641
116.14,47.295
115.9,18.402
110.66,18.607
118.79,25.976
114.71,29.89
110.25,33.087
118.11,35.327
112.71,34.143
113.99,29.778
113.93,34.647
114.72,13.929
111.62,29.064
117.93,34.285
113.19,37.96
113.23,39.255
116.51,25.445
113.32,27.174
113.22,35.533
115.76,17.167
114.27,23.703
114.81,31.093
116.24,33.061
115.21,34.779
114.41,35.863
111.41,40.242
115.06,39.067
116.05,25.102
115.01,26.535
113.8,27.343
115.18,29.661
118.52,30.705
107.71,29.006
109.62,32.716
116.85,37.381
114.47,27.16
110.42,20.536
112.26,23.64
115,27.491
117.85,21.84
113.25,29.558
113.41,22.65
115.64,20.746
118.58,27.13
113.7,38.979
111.86,36.317
111.16,25.725
117,43.586
112.55,26.646
111.25,34.51
116.87,29.453
116.08,18.976
120.62,27.618
113.87,27.685
110.69,36.368
115.35,27.43
110.05,26.271
112.06,21.529
112.94,27.317
116.22,35.725
112.5,39.849
113.35,38.352
120.44,14.631
115.9,28.92
114.17,33.258
114.6,31.645
113.7,26.013
117.3,25.035
115.59,26.75
112.66,22.134
117.11,22.894
114.33,41.538
115.12,23.775
114.08,24.357
112.81,33.99
112.46,32.71
114.9,26.111
114.89,30.885
114.17,31.98
114.71,35.012
109.17,24.339
112.21,27.19
119.4,33.106
111.54,41.839
109.66,24.722
113.86,38.036
110.43,21.466
110.76,31.717
110.12,40.31
112.61,25.717
112.84,28.635
112.28,35.2
113.3,33.052
117.28,27.623
110.29,34.758
121.76,32.905
115.1,37.561
109.09,22.505
116.53,28.218
114.34,25.679
113.13,25.441
117.67,28.127
119.52,21.125
112.37,24.869
113.78,26.918
117.64,21.995
116.31,32.725
121.95,32.535
110.73,31.939
114.66,30.587
107.19,26.177
118.35,39.777
117.28,32.333
112.85,32.304
108.59,26.064
102.09,67.147
101.94,61.63
102.38,64.491
102.47,65.526
105.92,71.023
106.33,60.698
107.62,59.725
107.17,53.304
100.4,67.881
104.62,61.539
102.53,68.114
98.616,61.59
102.29,60.691
106.41,62.757
104.95,71.9
97.313,72.563
102.11,71.584
106.77,70.674
104.54,69.316
102.06,62.044
102.73,60.117
104.53,65.462
108.9,63.227
98.159,65.807
99.574,63.94
104.64,63.35
97.381,54.554
105.1,64.696
104.49,65.123
110.66,65.297
100.97,67.821
100.19,62.058
99.896,59.032
101.02,61.267
100.25,67.811
102.14,65.46
98.348,62.545
103.08,70.447
103.53,69.025
101.68,66.055
98.29,64.716
101.74,79.688
108.43,54.017
99.571,65.571
100.28,70.833
95.514,62.45
106.22,64.677
103.68,58.396
103.84,63.981
101.4,71.128
105.14,75.513
101.55,80.985
106.45,73.642
99.405,59.006
95.818,78.478
101.95,65.742
101.94,46.253
102.79,66.463
104.85,63.663
102.52,77.965
103.47,67.823
103.73,73.081
109.42,70.732
107.24,65.07
97.539,65.87
100.28,68.743
103.13,65.012
105.1,50.694
105.65,56.796
104.26,64.059
102.79,74.373
104.91,66.046
106.77,61.561
102.03,63.86
102.86,55.838
106.5,73.795
104.54,57.757
102.44,73.134
104.27,67.192
97.924,75.936
101.73,71.826
101.54,64.029
106.09,82.06
106.36,51.815
107.04,70.284
110.91,70.714
99.181,78.071
107.34,60.995
100.42,58.803
102.03,54.46
108.35,67.185
102.26,79.227
105.66,64.624
99.939,54.878
102.7,64.742
107.93,74.554
101.02,65.781
98.488,66.632
99.015,67.745
103.95,75.169
99.177,81.135
105.12,72.541
97.016,66.575
105.12,80.638
100.17,72.432
101.62,63.516
101.92,75.304
98.146,69.045
102.81,60.131
105.66,69.056
104.48,67.539
105.04,84.519
108.23,64.558
103.93,69.865
100.96,67.43
104.14,77.884
102.68,65.803
99.058,63.54
104.22,71.896
102.19,67.579
105.42,63.938
107.77,65.805
102.26,73.8
103.91,65.998
103.71,63.736
99.153,58.799
103.1,77.318
101.31,68.296
103.79,75.663
101.76,64.107
97.764,63.099
101.02,62.326
99.47,59.799
104.2,63.719
105.28,73.494
96.462,60.037
108.68,72.702
102.93,55.659
105.55,69.659
100.29,65.299
106.66,73.516
101.3,70.525
104.43,70.422
109.05,59.508
99.746,66.647
103.41,72.625
99.005,64.045
99.84,68.48
104.1,55.2
103.07,51.094
104.41,71.692
99.648,67.781
99.805,72.734
101.82,64.533
107.35,70.761
105.53,72.752
102.5,74.939
107.01,65.344
106.1,55.235
102.64,75.888
102.55,68.9
99.6,62.275
105.63,68.847
106.52,62.708
104.63,64.164
106.7,74.205
107.81,63.433
108.54,65.603
103.77,58.524
102,71.149
98.667,73.447
103.39,61.183
99.775,60.686
99.309,71.331
108.19,63.23
104.77,75.831
99.117,59.503
100.79,65.878
107.8,64.449
106.94,68.89
103.92,74.682
102.78,64.781
98.013,60.129
102.99,67.515
106.32,67.066
106.4,77.816
107.92,76.724
105.42,64.682
105.85,60.819
99.691,67.793
103.84,59.469
104.7,79.31
106.29,71.142
103.78,59.475
100.94,77.569
103.97,68.162
104.16,73.12
106.37,68.045
100.4,61.447
106.75,57.879
102.6,57.398
99.111,62.87
101.53,65.689
107.28,66.105
102.25,72.624
100.53,58.684
103.63,69.623
99.369,62.361
106.89,69.518
106.78,75.486
99.341,65.716
108.75,71.67
104.69,61.355
102.72,58.12
101.68,68.486
98.66,59.396
104.45,61.381
99.351,71.913
100.46,56.116
99.15,48.894
102.77,68.046
103.36,71.582
100.72,72.689
105.92,58.495
105.18,60.084
102.28,70.942
105.65,74.746
109.45,81.353
100.83,60.821
102.46,74.261
99.433,69.258
108.07,69.407
101.5,60.741
104.69,76.335
107.21,69.72
104.51,71.362
109.33,72.104
100.86,61.083
98.323,75.879
103.33,71.482
100.64,73.978
105.09,64.785
97.621,62.139
105.01,80.275
103.3,62.85
103.83,56.267
103.4,56.99
106.08,61.834
106.26,68.004
104.73,60.16
98.006,72.015
108.81,73.701
106.21,74.584
103.06,64.942
102.6,62.479
105.28,77.475
103.48,60.498
109.57,67.417
103.97,59.288
105.24,70.399
103.53,68.735
101.73,72.096
98.199,62.261
99.517,59.499
100.42,48.887
99.119,73.978
103.9,67.183
101.38,65.022
103.89,68.105
100.38,68.111
99.825,48.283
99.862,60.205
105.42,65.07
108.65,67.062
107.06,59.572
106.59,81.011
96.912,70.373
100.19,62.978
106.93,66.938
98.141,72.875
99.607,72.806
96.817,62.245
108.29,69.515
99.48,65.682
97.217,53.396
108.03,64.568
98.517,66.404
103,57.529
97.385,68.698
102.33,66.093
104.07,63.337
100.02,58.954
104.32,52.764
107.62,72.015
102.45,69.951
103.2,72.254
102.63,62.28
100.14,58.888
105.5,63.448
101.08,55.653
101.2,44.377
108.62,65.835
106.71,62.066
107.87,77.779
106.53,70.083
101.33,56.654
100.32,69.127
103.8,63.723
103.65,83.522
100.49,68.176
106.35,78.408
98.938,70.871
103.6,57.073
101.95,64.979
104.84,59.43
102.52,70.399
100.17,56.157
105.08,66.069
99.667,69.909
108.06,82.235
106.51,71.334
101.88,67.784
103.04,68.333
104.6,63.125
102.01,66.461
99.758,66.884
102.36,51.316
107.59,61.377
105.34,74.841
107.74,65.735
98.926,78.6
103.17,73.607
99.034,71.625
93.252,77.747
107,69.804
104.07,69.875
100.35,67.244
104.83,82.787
100.81,76.817
102.03,61.614
104.25,72.893
109.76,69.969
96.125,64.834
99.968,82.072
101.94,61.18
102.82,66.708
107.27,72.958
102.37,61.722
109.11,63.864
104.99,66.838
101.97,77.551
99.352,62.68
100.35,65.709
105.25,58.613
104.38,70.669
100.28,53.792
101.07,68.143
99.803,56.549
105.59,65.56
105.95,61.839
101.68,74.041
110.54,54.375
106.79,66.283
102.68,71.387
101.82,75.447
106.31,64.619
104.31,67.559
100.56,63.957
100.45,70.866
104.56,79.456
104.53,61.366
100.67,66.494
100.99,59.584
100.09,63.97
103.23,61.062
101.54,56.914
100.78,71.038
107.02,62.829
100.86,58.854
103.33,55.679
103.59,60.361
102.01,64.304
102.54,62.985
103.52,66.15
110.05,63.345
106.57,60.244
106.36,80.635
105.43,78.553
104.11,72.904
103.14,60.258
102.65,68.407
106.96,65.709
101.1,67.68
102.23,68.327
103.8,70.644
101.03,66.899
105.84,71.797
103.25,55.709
100.83,68.023
107,46.466
100.43,53.556
108.26,68.923
104.4,68.441
103.7,61.293
101.88,76.909
99.731,67.417
104.75,64.566
100.85,71.121
105.66,75.238
107.25,56.539
103.28,70.863
97.594,56.228
102.54,63.497
101.46,67.627
106.75,71.875
107.69,59.078
99.804,54.183
102.1,73.424
102.56,69.073
103.93,74.728
102.18,74.961
107.66,70.919
99.969,58.912
106.4,72.768
106.8,69.847
101.06,64.845
96.082,62.989
101.78,60.477
108.61,66.713
106.66,67.988
95.415,80.711
105.25,61.794
101.77,59.518
105.6,71.28
104.76,65.671
99.803,62.994
102.84,72.572
104.86,68.567
103.44,69.991
101.2,59.98
105.41,64.772
101.37,67.106
102.09,60.513
99.719,62.998
107.46,70.173
100.48,72.42
99.881,61.352
105.03,71.001
104.07,61.23
101.36,53.292
97.717,58.422
106.75,66.586
103.03,65.744
104.44,62.92
104.13,60.831
101.33,64.382
95.474,59.9
105.32,67.504
104.82,68.88
101.89,62.642
105.2,70.785
107.8,64.941
106.01,70.909
107.16,69.331
101.23,65.567
104.77,61.309
105.66,59.653
102.15,60.74
100.9,61.148
104.99,68.903
99.676,77.896
105.56,56.031
106.63,76.877
102.31,64.824
102.07,72.184
100.85,59.773
105.53,60.771
102.9,67.589
101.91,68.135
104.78,67.617
104.6,69.887
105.73,65.06
101.23,63.278
103.95,65.736
101.79,62.867
103.9,59.963
98.099,62.869
103.06,64.43
104.27,74.216
108.92,75.439
97.424,62.93
100.85,68.492
102.51,78.285
100.73,56.09
103.89,83.007
105.17,60.547
99.753,61.263
101.52,72.005
105.18,75.45
105.92,44.9
104.25,57.873
98.955,69.999
102.56,58.441
105.2,68.39
104.73,67.433
96.705,66.043
102.51,61.611
102.03,57.516
106.4,69.733
101.33,76.434
93.322,70.738
106.91,61.171
100.01,68.868
105.37,66.707
101.21,80.222
104.42,76.396
102.13,70.77
105.76,67.549
106.89,71.724
107.74,76.632
105.62,68.86
102.75,72.426
102.78,74.652
100.38,67.194
108.35,65.495
101.59,60.116
102.47,65.715
103.76,74.621
100.48,73.967
107.61,79.74
99.253,74.781
101.41,64.949
104.86,58.007
101.38,73.093
107.55,68.9
104.65,66.239
98.519,64.297
101.38,66.321
101.2,68.403
104.03,66.338
100.48,57.448
102.5,75.005
105.75,66.555
99.18,70.984
104.77,65.243
105.42,55.595
102.33,78.146
104.3,57.625
102.81,63.839
105.72,58.41
100.41,71.659
105.36,65.107
101.97,66.928
114.21,64.119
102.77,62.604
103.28,68.275
99.959,74.252
97.717,71.985
103.71,63.817
97.511,70.871
101.18,56.059
109.32,64.379
104.59,60.144
102.76,64.306
105.39,65.037
100.87,75.742
102.65,60.513
101.95,82.807
101.33,65.545
103.94,70.783
97.265,73.302
98.403,66.766
99.704,67.336
110.44,73.704
97.469,71.396
102.49,67.106
103.9,62.983
103.12,68.718
105.78,67.257
103.18,64.821
101.13,73.195
100.58,70.507
102.46,65.282
106.77,61.408
106.06,55.457
104.26,67.746
100.93,85.229
105.89,56.742
103.19,76.046
106.45,60.378
104.57,67.155
107.4,67.953
101.58,64.921
107.06,57.932
105.66,56.376
104.99,58.335
107.6,64.918
106.19,70.409
104.46,69.777
103.49,66.001
